"file","row","header","expected_value","deleted_count","deleted_content"
"acs-nmcb-1.csv",41,"O_34_MOUSETYPE","mousetype",0,
"acs-nmcb-1.csv",42,"O_34_MOUSETYPE","mousetype",0,
"acs-nmcb-1.csv",43,"O_34_MOUSETYPE","mousetype",0,
"acs-nmcb-2.csv",3,"O_50_message","message",2,"12 || 2"
"acs-nmcb-2.csv",3,"O_51_questionnaire5","questionnaire",35,"questionnaire-current_state2 || 12022026 || 11:36.50 || 11:37.25 || 35613 || 1 || Hoe voelt u zich OP DIT MOMENT: UITGEPUT? || 87 || 2 || Hoe voelt u zich OP DIT MOMENT: VERMOEID? || 96 || 3 || Hoe voelt u zich OP DIT MOMENT: SLAPERIG? || 93 || 4 || Hoe voelt u zich OP DIT MOMENT: VOL ENERGIE? || 8 || 5 || Hoe voelt u zich OP DIT MOMENT: GESTRESSED OF GESPANNEN? || 9 || 6 || Hoe voelt u zich OP DIT MOMENT: IK KAN MIJ GOED CONCENTREREN? || 82 || 7 || Hoe voelt u zich OP DIT MOMENT: MIJN DENKEN GAAT TRAAG? || 10 || 8 || Hoe voelt u zich OP DIT MOMENT: HELDER VAN GEEST? || 83 || 9 || Hoe voelt u zich OP DIT MOMENT: GEMOTIVEERD? || 86 || 10 || Hoe voelt u zich OP DIT MOMENT: NEERSLACHTIG OF SOMBER? || 7"
"acs-nmcb-2.csv",3,"O_52_questionnaire6","questionnaire",0,
"acs-nmcb-2.csv",3,"O_52_questionnaire_ntli2","questionnaire-ntli",0,
"acs-nmcb-2.csv",4,"O_50_message","message",2,"9 || 5"
"acs-nmcb-2.csv",4,"O_51_questionnaire5","questionnaire",35,"questionnaire-current_state2 || 17022026 || 16:09.49 || 16:10.29 || 40518 || 1 || Hoe voelt u zich OP DIT MOMENT: UITGEPUT? || 2 || 2 || Hoe voelt u zich OP DIT MOMENT: VERMOEID? || 1 || 3 || Hoe voelt u zich OP DIT MOMENT: SLAPERIG? || 3 || 4 || Hoe voelt u zich OP DIT MOMENT: VOL ENERGIE? || 85 || 5 || Hoe voelt u zich OP DIT MOMENT: GESTRESSED OF GESPANNEN? || 0 || 6 || Hoe voelt u zich OP DIT MOMENT: IK KAN MIJ GOED CONCENTREREN? || 86 || 7 || Hoe voelt u zich OP DIT MOMENT: MIJN DENKEN GAAT TRAAG? || 3 || 8 || Hoe voelt u zich OP DIT MOMENT: HELDER VAN GEEST? || 90 || 9 || Hoe voelt u zich OP DIT MOMENT: GEMOTIVEERD? || 90 || 10 || Hoe voelt u zich OP DIT MOMENT: NEERSLACHTIG OF SOMBER? || 0"
"acs-nmcb-2.csv",4,"O_52_questionnaire6","questionnaire",0,
"acs-nmcb-2.csv",4,"O_52_questionnaire_ntli2","questionnaire-ntli",0,
"acs-nmcb-2.csv",5,"O_50_message","message",2,"12 || 4"
"acs-nmcb-2.csv",5,"O_51_questionnaire5","questionnaire",35,"questionnaire-current_state2 || 20022026 || 18:40.24 || 18:41.51 || 87227 || 1 || Hoe voelt u zich OP DIT MOMENT: UITGEPUT? || 72 || 2 || Hoe voelt u zich OP DIT MOMENT: VERMOEID? || 86 || 3 || Hoe voelt u zich OP DIT MOMENT: SLAPERIG? || 72 || 4 || Hoe voelt u zich OP DIT MOMENT: VOL ENERGIE? || 39 || 5 || Hoe voelt u zich OP DIT MOMENT: GESTRESSED OF GESPANNEN? || 0 || 6 || Hoe voelt u zich OP DIT MOMENT: IK KAN MIJ GOED CONCENTREREN? || 27 || 7 || Hoe voelt u zich OP DIT MOMENT: MIJN DENKEN GAAT TRAAG? || 26 || 8 || Hoe voelt u zich OP DIT MOMENT: HELDER VAN GEEST? || 36 || 9 || Hoe voelt u zich OP DIT MOMENT: GEMOTIVEERD? || 100 || 10 || Hoe voelt u zich OP DIT MOMENT: NEERSLACHTIG OF SOMBER? || 0"
"acs-nmcb-2.csv",6,"O_50_message","message",2,"15 || 3"
"acs-nmcb-2.csv",6,"O_51_questionnaire5","questionnaire",35,"questionnaire-current_state2 || 22022026 || 12:30.42 || 12:31.30 || 48565 || 1 || Hoe voelt u zich OP DIT MOMENT: UITGEPUT? || 76 || 2 || Hoe voelt u zich OP DIT MOMENT: VERMOEID? || 88 || 3 || Hoe voelt u zich OP DIT MOMENT: SLAPERIG? || 36 || 4 || Hoe voelt u zich OP DIT MOMENT: VOL ENERGIE? || 14 || 5 || Hoe voelt u zich OP DIT MOMENT: GESTRESSED OF GESPANNEN? || 26 || 6 || Hoe voelt u zich OP DIT MOMENT: IK KAN MIJ GOED CONCENTREREN? || 48 || 7 || Hoe voelt u zich OP DIT MOMENT: MIJN DENKEN GAAT TRAAG? || 63 || 8 || Hoe voelt u zich OP DIT MOMENT: HELDER VAN GEEST? || 21 || 9 || Hoe voelt u zich OP DIT MOMENT: GEMOTIVEERD? || 45 || 10 || Hoe voelt u zich OP DIT MOMENT: NEERSLACHTIG OF SOMBER? || 0"
"acs-nmcb-2.csv",6,"O_52_questionnaire6","questionnaire",0,
"acs-nmcb-2.csv",6,"O_52_questionnaire_ntli2","questionnaire-ntli",0,
"acs-nmcb-2.csv",7,"O_50_message","message",2,"9 || 3"
"acs-nmcb-2.csv",7,"O_51_questionnaire5","questionnaire",35,"questionnaire-current_state2 || 01032026 || 14:33.56 || 14:35.06 || 69932 || 1 || Hoe voelt u zich OP DIT MOMENT: UITGEPUT? || 94 || 2 || Hoe voelt u zich OP DIT MOMENT: VERMOEID? || 94 || 3 || Hoe voelt u zich OP DIT MOMENT: SLAPERIG? || 97 || 4 || Hoe voelt u zich OP DIT MOMENT: VOL ENERGIE? || 8 || 5 || Hoe voelt u zich OP DIT MOMENT: GESTRESSED OF GESPANNEN? || 20 || 6 || Hoe voelt u zich OP DIT MOMENT: IK KAN MIJ GOED CONCENTREREN? || 0 || 7 || Hoe voelt u zich OP DIT MOMENT: MIJN DENKEN GAAT TRAAG? || 100 || 8 || Hoe voelt u zich OP DIT MOMENT: HELDER VAN GEEST? || 0 || 9 || Hoe voelt u zich OP DIT MOMENT: GEMOTIVEERD? || 28 || 10 || Hoe voelt u zich OP DIT MOMENT: NEERSLACHTIG OF SOMBER? || 0"
"acs-nmcb-2.csv",7,"O_52_questionnaire6","questionnaire",0,
"acs-nmcb-2.csv",7,"O_52_questionnaire_ntli2","questionnaire-ntli",0,
"acs-nmcb-2.csv",8,"O_50_message","message",2,"6 || 2"
"acs-nmcb-2.csv",8,"O_51_questionnaire5","questionnaire",35,"questionnaire-current_state2 || 23022026 || 16:24.10 || 16:24.57 || 47167 || 1 || Hoe voelt u zich OP DIT MOMENT: UITGEPUT? || 72 || 2 || Hoe voelt u zich OP DIT MOMENT: VERMOEID? || 92 || 3 || Hoe voelt u zich OP DIT MOMENT: SLAPERIG? || 73 || 4 || Hoe voelt u zich OP DIT MOMENT: VOL ENERGIE? || 9 || 5 || Hoe voelt u zich OP DIT MOMENT: GESTRESSED OF GESPANNEN? || 90 || 6 || Hoe voelt u zich OP DIT MOMENT: IK KAN MIJ GOED CONCENTREREN? || 29 || 7 || Hoe voelt u zich OP DIT MOMENT: MIJN DENKEN GAAT TRAAG? || 39 || 8 || Hoe voelt u zich OP DIT MOMENT: HELDER VAN GEEST? || 32 || 9 || Hoe voelt u zich OP DIT MOMENT: GEMOTIVEERD? || 88 || 10 || Hoe voelt u zich OP DIT MOMENT: NEERSLACHTIG OF SOMBER? || 0"
"acs-nmcb-2.csv",8,"O_52_questionnaire6","questionnaire",0,
"acs-nmcb-2.csv",8,"O_52_questionnaire_ntli2","questionnaire-ntli",0,
"acs-nmcb-2.csv",9,"O_50_message","message",2,"10 || 4"
"acs-nmcb-2.csv",9,"O_51_questionnaire5","questionnaire",35,"questionnaire-current_state2 || 13032026 || 16:03.08 || 16:04.13 || 64946 || 1 || Hoe voelt u zich OP DIT MOMENT: UITGEPUT? || 16 || 2 || Hoe voelt u zich OP DIT MOMENT: VERMOEID? || 23 || 3 || Hoe voelt u zich OP DIT MOMENT: SLAPERIG? || 0 || 4 || Hoe voelt u zich OP DIT MOMENT: VOL ENERGIE? || 79 || 5 || Hoe voelt u zich OP DIT MOMENT: GESTRESSED OF GESPANNEN? || 10 || 6 || Hoe voelt u zich OP DIT MOMENT: IK KAN MIJ GOED CONCENTREREN? || 78 || 7 || Hoe voelt u zich OP DIT MOMENT: MIJN DENKEN GAAT TRAAG? || 11 || 8 || Hoe voelt u zich OP DIT MOMENT: HELDER VAN GEEST? || 92 || 9 || Hoe voelt u zich OP DIT MOMENT: GEMOTIVEERD? || 100 || 10 || Hoe voelt u zich OP DIT MOMENT: NEERSLACHTIG OF SOMBER? || 0"
"acs-nmcb-2.csv",9,"O_52_questionnaire6","questionnaire",0,
"acs-nmcb-2.csv",9,"O_52_questionnaire_ntli2","questionnaire-ntli",0,
"acs-nmcb-2.csv",10,"O_50_message","message",2,"10 || 2"
"acs-nmcb-2.csv",10,"O_51_questionnaire5","questionnaire",35,"questionnaire-current_state2 || 19032026 || 16:33.06 || 16:33.53 || 47179 || 1 || Hoe voelt u zich OP DIT MOMENT: UITGEPUT? || 94 || 2 || Hoe voelt u zich OP DIT MOMENT: VERMOEID? || 99 || 3 || Hoe voelt u zich OP DIT MOMENT: SLAPERIG? || 97 || 4 || Hoe voelt u zich OP DIT MOMENT: VOL ENERGIE? || 0 || 5 || Hoe voelt u zich OP DIT MOMENT: GESTRESSED OF GESPANNEN? || 19 || 6 || Hoe voelt u zich OP DIT MOMENT: IK KAN MIJ GOED CONCENTREREN? || 64 || 7 || Hoe voelt u zich OP DIT MOMENT: MIJN DENKEN GAAT TRAAG? || 37 || 8 || Hoe voelt u zich OP DIT MOMENT: HELDER VAN GEEST? || 63 || 9 || Hoe voelt u zich OP DIT MOMENT: GEMOTIVEERD? || 39 || 10 || Hoe voelt u zich OP DIT MOMENT: NEERSLACHTIG OF SOMBER? || 0"
"acs-nmcb-2.csv",10,"O_52_questionnaire6","questionnaire",0,
"acs-nmcb-2.csv",10,"O_52_questionnaire_ntli2","questionnaire-ntli",0,
"acs-nmcb-2.csv",11,"O_50_message","message",2,"9 || 3"
"acs-nmcb-2.csv",11,"O_51_questionnaire5","questionnaire",35,"questionnaire-current_state2 || 03032026 || 17:57.52 || 17:58.32 || 39923 || 1 || Hoe voelt u zich OP DIT MOMENT: UITGEPUT? || 11 || 2 || Hoe voelt u zich OP DIT MOMENT: VERMOEID? || 13 || 3 || Hoe voelt u zich OP DIT MOMENT: SLAPERIG? || 5 || 4 || Hoe voelt u zich OP DIT MOMENT: VOL ENERGIE? || 78 || 5 || Hoe voelt u zich OP DIT MOMENT: GESTRESSED OF GESPANNEN? || 20 || 6 || Hoe voelt u zich OP DIT MOMENT: IK KAN MIJ GOED CONCENTREREN? || 91 || 7 || Hoe voelt u zich OP DIT MOMENT: MIJN DENKEN GAAT TRAAG? || 6 || 8 || Hoe voelt u zich OP DIT MOMENT: HELDER VAN GEEST? || 82 || 9 || Hoe voelt u zich OP DIT MOMENT: GEMOTIVEERD? || 83 || 10 || Hoe voelt u zich OP DIT MOMENT: NEERSLACHTIG OF SOMBER? || 4"
"acs-nmcb-2.csv",11,"O_52_questionnaire6","questionnaire",0,
"acs-nmcb-2.csv",11,"O_52_questionnaire_ntli2","questionnaire-ntli",0,
"acs-nmcb-2.csv",12,"O_50_message","message",2,"11 || 5"
"acs-nmcb-2.csv",12,"O_51_questionnaire5","questionnaire",35,"questionnaire-current_state2 || 08032026 || 20:19.59 || 20:20.33 || 34138 || 1 || Hoe voelt u zich OP DIT MOMENT: UITGEPUT? || 0 || 2 || Hoe voelt u zich OP DIT MOMENT: VERMOEID? || 6 || 3 || Hoe voelt u zich OP DIT MOMENT: SLAPERIG? || 4 || 4 || Hoe voelt u zich OP DIT MOMENT: VOL ENERGIE? || 91 || 5 || Hoe voelt u zich OP DIT MOMENT: GESTRESSED OF GESPANNEN? || 0 || 6 || Hoe voelt u zich OP DIT MOMENT: IK KAN MIJ GOED CONCENTREREN? || 94 || 7 || Hoe voelt u zich OP DIT MOMENT: MIJN DENKEN GAAT TRAAG? || 1 || 8 || Hoe voelt u zich OP DIT MOMENT: HELDER VAN GEEST? || 98 || 9 || Hoe voelt u zich OP DIT MOMENT: GEMOTIVEERD? || 90 || 10 || Hoe voelt u zich OP DIT MOMENT: NEERSLACHTIG OF SOMBER? || 1"
"acs-nmcb-2.csv",12,"O_52_questionnaire6","questionnaire",0,
"acs-nmcb-2.csv",12,"O_52_questionnaire_ntli2","questionnaire-ntli",0,
"acs-nmcb-2.csv",13,"O_50_message","message",2,"8 || 4"
"acs-nmcb-2.csv",13,"O_51_questionnaire5","questionnaire",35,"questionnaire-current_state2 || 23032026 || 09:55.49 || 09:56.38 || 48876 || 1 || Hoe voelt u zich OP DIT MOMENT: UITGEPUT? || 4 || 2 || Hoe voelt u zich OP DIT MOMENT: VERMOEID? || 4 || 3 || Hoe voelt u zich OP DIT MOMENT: SLAPERIG? || 5 || 4 || Hoe voelt u zich OP DIT MOMENT: VOL ENERGIE? || 98 || 5 || Hoe voelt u zich OP DIT MOMENT: GESTRESSED OF GESPANNEN? || 2 || 6 || Hoe voelt u zich OP DIT MOMENT: IK KAN MIJ GOED CONCENTREREN? || 98 || 7 || Hoe voelt u zich OP DIT MOMENT: MIJN DENKEN GAAT TRAAG? || 2 || 8 || Hoe voelt u zich OP DIT MOMENT: HELDER VAN GEEST? || 97 || 9 || Hoe voelt u zich OP DIT MOMENT: GEMOTIVEERD? || 97 || 10 || Hoe voelt u zich OP DIT MOMENT: NEERSLACHTIG OF SOMBER? || 2"
"acs-nmcb-2.csv",13,"O_52_questionnaire6","questionnaire",0,
"acs-nmcb-2.csv",13,"O_52_questionnaire_ntli2","questionnaire-ntli",0,
"acs-nmcb-2.csv",14,"O_50_message","message",2,"8 || 2"
"acs-nmcb-2.csv",14,"O_51_questionnaire5","questionnaire",35,"questionnaire-current_state2 || 17032026 || 10:22.16 || 10:23.05 || 48885 || 1 || Hoe voelt u zich OP DIT MOMENT: UITGEPUT? || 85 || 2 || Hoe voelt u zich OP DIT MOMENT: VERMOEID? || 80 || 3 || Hoe voelt u zich OP DIT MOMENT: SLAPERIG? || 0 || 4 || Hoe voelt u zich OP DIT MOMENT: VOL ENERGIE? || 12 || 5 || Hoe voelt u zich OP DIT MOMENT: GESTRESSED OF GESPANNEN? || 8 || 6 || Hoe voelt u zich OP DIT MOMENT: IK KAN MIJ GOED CONCENTREREN? || 24 || 7 || Hoe voelt u zich OP DIT MOMENT: MIJN DENKEN GAAT TRAAG? || 22 || 8 || Hoe voelt u zich OP DIT MOMENT: HELDER VAN GEEST? || 23 || 9 || Hoe voelt u zich OP DIT MOMENT: GEMOTIVEERD? || 100 || 10 || Hoe voelt u zich OP DIT MOMENT: NEERSLACHTIG OF SOMBER? || 80"
"acs-nmcb-2.csv",15,"O_50_message","message",2,"10 || 2"
"acs-nmcb-2.csv",15,"O_51_questionnaire5","questionnaire",35,"questionnaire-current_state2 || 23032026 || 17:29.47 || 17:30.29 || 41959 || 1 || Hoe voelt u zich OP DIT MOMENT: UITGEPUT? || 85 || 2 || Hoe voelt u zich OP DIT MOMENT: VERMOEID? || 50 || 3 || Hoe voelt u zich OP DIT MOMENT: SLAPERIG? || 8 || 4 || Hoe voelt u zich OP DIT MOMENT: VOL ENERGIE? || 0 || 5 || Hoe voelt u zich OP DIT MOMENT: GESTRESSED OF GESPANNEN? || 84 || 6 || Hoe voelt u zich OP DIT MOMENT: IK KAN MIJ GOED CONCENTREREN? || 78 || 7 || Hoe voelt u zich OP DIT MOMENT: MIJN DENKEN GAAT TRAAG? || 14 || 8 || Hoe voelt u zich OP DIT MOMENT: HELDER VAN GEEST? || 83 || 9 || Hoe voelt u zich OP DIT MOMENT: GEMOTIVEERD? || 21 || 10 || Hoe voelt u zich OP DIT MOMENT: NEERSLACHTIG OF SOMBER? || 50"
"acs-nmcb-2.csv",15,"O_52_questionnaire6","questionnaire",0,
"acs-nmcb-2.csv",15,"O_52_questionnaire_ntli2","questionnaire-ntli",0,
"acs-nmcb-2.csv",16,"O_28_DIGITS_FW","forward",11,"forward-demo || 30032026 || 12:20.56 || 12:21.21 || 25156 || 3 || 3 || 2 || 0 || digitspan || 3975"
"acs-nmcb-2.csv",16,"O_50_message","message",2,"11 || 3"
"acs-nmcb-2.csv",16,"O_51_questionnaire5","questionnaire",35,"questionnaire-current_state2 || 30032026 || 14:43.29 || 14:44.23 || 54421 || 1 || Hoe voelt u zich OP DIT MOMENT: UITGEPUT? || 69 || 2 || Hoe voelt u zich OP DIT MOMENT: VERMOEID? || 85 || 3 || Hoe voelt u zich OP DIT MOMENT: SLAPERIG? || 92 || 4 || Hoe voelt u zich OP DIT MOMENT: VOL ENERGIE? || 7 || 5 || Hoe voelt u zich OP DIT MOMENT: GESTRESSED OF GESPANNEN? || 16 || 6 || Hoe voelt u zich OP DIT MOMENT: IK KAN MIJ GOED CONCENTREREN? || 32 || 7 || Hoe voelt u zich OP DIT MOMENT: MIJN DENKEN GAAT TRAAG? || 59 || 8 || Hoe voelt u zich OP DIT MOMENT: HELDER VAN GEEST? || 15 || 9 || Hoe voelt u zich OP DIT MOMENT: GEMOTIVEERD? || 39 || 10 || Hoe voelt u zich OP DIT MOMENT: NEERSLACHTIG OF SOMBER? || 1"
"acs-nmcb-2.csv",17,"O_50_message","message",2,"9 || 3"
"acs-nmcb-2.csv",17,"O_51_questionnaire5","questionnaire",35,"questionnaire-current_state2 || 01042026 || 22:14.27 || 22:15.23 || 55828 || 1 || Hoe voelt u zich OP DIT MOMENT: UITGEPUT? || 100 || 2 || Hoe voelt u zich OP DIT MOMENT: VERMOEID? || 100 || 3 || Hoe voelt u zich OP DIT MOMENT: SLAPERIG? || 71 || 4 || Hoe voelt u zich OP DIT MOMENT: VOL ENERGIE? || 0 || 5 || Hoe voelt u zich OP DIT MOMENT: GESTRESSED OF GESPANNEN? || 97 || 6 || Hoe voelt u zich OP DIT MOMENT: IK KAN MIJ GOED CONCENTREREN? || 26 || 7 || Hoe voelt u zich OP DIT MOMENT: MIJN DENKEN GAAT TRAAG? || 49 || 8 || Hoe voelt u zich OP DIT MOMENT: HELDER VAN GEEST? || 18 || 9 || Hoe voelt u zich OP DIT MOMENT: GEMOTIVEERD? || 80 || 10 || Hoe voelt u zich OP DIT MOMENT: NEERSLACHTIG OF SOMBER? || 22"
"acs-nmcb-2.csv",17,"O_52_questionnaire6","questionnaire",0,
"acs-nmcb-2.csv",17,"O_52_questionnaire_ntli2","questionnaire-ntli",0,
"acs-nmcb-2.csv",18,"O_50_message","message",2,"9 || 3"
"acs-nmcb-2.csv",18,"O_51_questionnaire5","questionnaire",35,"questionnaire-current_state2 || 24032026 || 12:32.03 || 12:32.48 || 44762 || 1 || Hoe voelt u zich OP DIT MOMENT: UITGEPUT? || 72 || 2 || Hoe voelt u zich OP DIT MOMENT: VERMOEID? || 96 || 3 || Hoe voelt u zich OP DIT MOMENT: SLAPERIG? || 64 || 4 || Hoe voelt u zich OP DIT MOMENT: VOL ENERGIE? || 0 || 5 || Hoe voelt u zich OP DIT MOMENT: GESTRESSED OF GESPANNEN? || 35 || 6 || Hoe voelt u zich OP DIT MOMENT: IK KAN MIJ GOED CONCENTREREN? || 3 || 7 || Hoe voelt u zich OP DIT MOMENT: MIJN DENKEN GAAT TRAAG? || 92 || 8 || Hoe voelt u zich OP DIT MOMENT: HELDER VAN GEEST? || 2 || 9 || Hoe voelt u zich OP DIT MOMENT: GEMOTIVEERD? || 9 || 10 || Hoe voelt u zich OP DIT MOMENT: NEERSLACHTIG OF SOMBER? || 18"
"acs-nmcb-2.csv",18,"O_52_questionnaire6","questionnaire",0,
"acs-nmcb-2.csv",18,"O_52_questionnaire_ntli2","questionnaire-ntli",0,
"acs-nmcb-2.csv",19,"O_50_message","message",2,"9 || 3"
"acs-nmcb-2.csv",19,"O_51_questionnaire5","questionnaire",35,"questionnaire-current_state2 || 02042026 || 11:08.49 || 11:09.34 || 45503 || 1 || Hoe voelt u zich OP DIT MOMENT: UITGEPUT? || 67 || 2 || Hoe voelt u zich OP DIT MOMENT: VERMOEID? || 89 || 3 || Hoe voelt u zich OP DIT MOMENT: SLAPERIG? || 50 || 4 || Hoe voelt u zich OP DIT MOMENT: VOL ENERGIE? || 39 || 5 || Hoe voelt u zich OP DIT MOMENT: GESTRESSED OF GESPANNEN? || 0 || 6 || Hoe voelt u zich OP DIT MOMENT: IK KAN MIJ GOED CONCENTREREN? || 18 || 7 || Hoe voelt u zich OP DIT MOMENT: MIJN DENKEN GAAT TRAAG? || 90 || 8 || Hoe voelt u zich OP DIT MOMENT: HELDER VAN GEEST? || 19 || 9 || Hoe voelt u zich OP DIT MOMENT: GEMOTIVEERD? || 82 || 10 || Hoe voelt u zich OP DIT MOMENT: NEERSLACHTIG OF SOMBER? || 0"
"acs-nmcb-2.csv",19,"O_52_questionnaire6","questionnaire",0,
"acs-nmcb-2.csv",19,"O_52_questionnaire_ntli2","questionnaire-ntli",0,
"acs-nmcb-2.csv",20,"O_50_message","message",2,"9 || 3"
"acs-nmcb-2.csv",20,"O_51_questionnaire5","questionnaire",35,"questionnaire-current_state2 || 01042026 || 11:39.13 || 11:39.56 || 43286 || 1 || Hoe voelt u zich OP DIT MOMENT: UITGEPUT? || 100 || 2 || Hoe voelt u zich OP DIT MOMENT: VERMOEID? || 98 || 3 || Hoe voelt u zich OP DIT MOMENT: SLAPERIG? || 73 || 4 || Hoe voelt u zich OP DIT MOMENT: VOL ENERGIE? || 0 || 5 || Hoe voelt u zich OP DIT MOMENT: GESTRESSED OF GESPANNEN? || 80 || 6 || Hoe voelt u zich OP DIT MOMENT: IK KAN MIJ GOED CONCENTREREN? || 11 || 7 || Hoe voelt u zich OP DIT MOMENT: MIJN DENKEN GAAT TRAAG? || 69 || 8 || Hoe voelt u zich OP DIT MOMENT: HELDER VAN GEEST? || 7 || 9 || Hoe voelt u zich OP DIT MOMENT: GEMOTIVEERD? || 9 || 10 || Hoe voelt u zich OP DIT MOMENT: NEERSLACHTIG OF SOMBER? || 70"
"acs-nmcb-2.csv",21,"O_50_message","message",2,"9 || 3"
"acs-nmcb-2.csv",21,"O_51_questionnaire5","questionnaire",35,"questionnaire-current_state2 || 28042026 || 07:17.13 || 07:17.53 || 39996 || 1 || Hoe voelt u zich OP DIT MOMENT: UITGEPUT? || 1 || 2 || Hoe voelt u zich OP DIT MOMENT: VERMOEID? || 6 || 3 || Hoe voelt u zich OP DIT MOMENT: SLAPERIG? || 0 || 4 || Hoe voelt u zich OP DIT MOMENT: VOL ENERGIE? || 87 || 5 || Hoe voelt u zich OP DIT MOMENT: GESTRESSED OF GESPANNEN? || 0 || 6 || Hoe voelt u zich OP DIT MOMENT: IK KAN MIJ GOED CONCENTREREN? || 94 || 7 || Hoe voelt u zich OP DIT MOMENT: MIJN DENKEN GAAT TRAAG? || 0 || 8 || Hoe voelt u zich OP DIT MOMENT: HELDER VAN GEEST? || 92 || 9 || Hoe voelt u zich OP DIT MOMENT: GEMOTIVEERD? || 87 || 10 || Hoe voelt u zich OP DIT MOMENT: NEERSLACHTIG OF SOMBER? || 0"
"acs-nmcb-2.csv",21,"O_52_questionnaire6","questionnaire",0,
"acs-nmcb-2.csv",21,"O_52_questionnaire_ntli2","questionnaire-ntli",0,
"acs-nmcb-2.csv",22,"O_50_message","message",2,"10 || 2"
"acs-nmcb-2.csv",22,"O_51_questionnaire5","questionnaire",35,"questionnaire-current_state2 || 06042026 || 15:40.18 || 15:41.00 || 42014 || 1 || Hoe voelt u zich OP DIT MOMENT: UITGEPUT? || 93 || 2 || Hoe voelt u zich OP DIT MOMENT: VERMOEID? || 95 || 3 || Hoe voelt u zich OP DIT MOMENT: SLAPERIG? || 10 || 4 || Hoe voelt u zich OP DIT MOMENT: VOL ENERGIE? || 7 || 5 || Hoe voelt u zich OP DIT MOMENT: GESTRESSED OF GESPANNEN? || 20 || 6 || Hoe voelt u zich OP DIT MOMENT: IK KAN MIJ GOED CONCENTREREN? || 87 || 7 || Hoe voelt u zich OP DIT MOMENT: MIJN DENKEN GAAT TRAAG? || 5 || 8 || Hoe voelt u zich OP DIT MOMENT: HELDER VAN GEEST? || 83 || 9 || Hoe voelt u zich OP DIT MOMENT: GEMOTIVEERD? || 93 || 10 || Hoe voelt u zich OP DIT MOMENT: NEERSLACHTIG OF SOMBER? || 0"
"acs-nmcb-2.csv",22,"O_52_questionnaire6","questionnaire",0,
"acs-nmcb-2.csv",22,"O_52_questionnaire_ntli2","questionnaire-ntli",0,
"acs-nmcb-2.csv",23,"O_50_message","message",2,"11 || 3"
"acs-nmcb-2.csv",23,"O_51_questionnaire5","questionnaire",35,"questionnaire-current_state2 || 06042026 || 17:05.59 || 17:06.30 || 31021 || 1 || Hoe voelt u zich OP DIT MOMENT: UITGEPUT? || 67 || 2 || Hoe voelt u zich OP DIT MOMENT: VERMOEID? || 66 || 3 || Hoe voelt u zich OP DIT MOMENT: SLAPERIG? || 0 || 4 || Hoe voelt u zich OP DIT MOMENT: VOL ENERGIE? || 31 || 5 || Hoe voelt u zich OP DIT MOMENT: GESTRESSED OF GESPANNEN? || 0 || 6 || Hoe voelt u zich OP DIT MOMENT: IK KAN MIJ GOED CONCENTREREN? || 57 || 7 || Hoe voelt u zich OP DIT MOMENT: MIJN DENKEN GAAT TRAAG? || 23 || 8 || Hoe voelt u zich OP DIT MOMENT: HELDER VAN GEEST? || 70 || 9 || Hoe voelt u zich OP DIT MOMENT: GEMOTIVEERD? || 18 || 10 || Hoe voelt u zich OP DIT MOMENT: NEERSLACHTIG OF SOMBER? || 0"
"acs-nmcb-2.csv",24,"O_50_message","message",2,"9 || 3"
"acs-nmcb-2.csv",24,"O_51_questionnaire5","questionnaire",35,"questionnaire-current_state2 || 07042026 || 16:31.20 || 16:32.44 || 84360 || 1 || Hoe voelt u zich OP DIT MOMENT: UITGEPUT? || 86 || 2 || Hoe voelt u zich OP DIT MOMENT: VERMOEID? || 94 || 3 || Hoe voelt u zich OP DIT MOMENT: SLAPERIG? || 4 || 4 || Hoe voelt u zich OP DIT MOMENT: VOL ENERGIE? || 0 || 5 || Hoe voelt u zich OP DIT MOMENT: GESTRESSED OF GESPANNEN? || 65 || 6 || Hoe voelt u zich OP DIT MOMENT: IK KAN MIJ GOED CONCENTREREN? || 48 || 7 || Hoe voelt u zich OP DIT MOMENT: MIJN DENKEN GAAT TRAAG? || 57 || 8 || Hoe voelt u zich OP DIT MOMENT: HELDER VAN GEEST? || 50 || 9 || Hoe voelt u zich OP DIT MOMENT: GEMOTIVEERD? || 94 || 10 || Hoe voelt u zich OP DIT MOMENT: NEERSLACHTIG OF SOMBER? || 1"
"acs-nmcb-2.csv",24,"O_52_questionnaire6","questionnaire",0,
"acs-nmcb-2.csv",24,"O_52_questionnaire_ntli2","questionnaire-ntli",0,
"acs-nmcb-2.csv",25,"O_50_message","message",2,"9 || 3"
"acs-nmcb-2.csv",25,"O_51_questionnaire5","questionnaire",35,"questionnaire-current_state2 || 10042026 || 11:17.02 || 11:17.57 || 55068 || 1 || Hoe voelt u zich OP DIT MOMENT: UITGEPUT? || 75 || 2 || Hoe voelt u zich OP DIT MOMENT: VERMOEID? || 91 || 3 || Hoe voelt u zich OP DIT MOMENT: SLAPERIG? || 87 || 4 || Hoe voelt u zich OP DIT MOMENT: VOL ENERGIE? || 19 || 5 || Hoe voelt u zich OP DIT MOMENT: GESTRESSED OF GESPANNEN? || 22 || 6 || Hoe voelt u zich OP DIT MOMENT: IK KAN MIJ GOED CONCENTREREN? || 34 || 7 || Hoe voelt u zich OP DIT MOMENT: MIJN DENKEN GAAT TRAAG? || 66 || 8 || Hoe voelt u zich OP DIT MOMENT: HELDER VAN GEEST? || 59 || 9 || Hoe voelt u zich OP DIT MOMENT: GEMOTIVEERD? || 63 || 10 || Hoe voelt u zich OP DIT MOMENT: NEERSLACHTIG OF SOMBER? || 24"
"acs-nmcb-2.csv",25,"O_52_questionnaire6","questionnaire",0,
"acs-nmcb-2.csv",25,"O_52_questionnaire_ntli2","questionnaire-ntli",0,
"acs-nmcb-2.csv",26,"O_50_message","message",2,"13 || 3"
"acs-nmcb-2.csv",26,"O_51_questionnaire5","questionnaire",35,"questionnaire-current_state2 || 14042026 || 23:44.22 || 23:44.56 || 34080 || 1 || Hoe voelt u zich OP DIT MOMENT: UITGEPUT? || 62 || 2 || Hoe voelt u zich OP DIT MOMENT: VERMOEID? || 64 || 3 || Hoe voelt u zich OP DIT MOMENT: SLAPERIG? || 63 || 4 || Hoe voelt u zich OP DIT MOMENT: VOL ENERGIE? || 24 || 5 || Hoe voelt u zich OP DIT MOMENT: GESTRESSED OF GESPANNEN? || 12 || 6 || Hoe voelt u zich OP DIT MOMENT: IK KAN MIJ GOED CONCENTREREN? || 69 || 7 || Hoe voelt u zich OP DIT MOMENT: MIJN DENKEN GAAT TRAAG? || 27 || 8 || Hoe voelt u zich OP DIT MOMENT: HELDER VAN GEEST? || 63 || 9 || Hoe voelt u zich OP DIT MOMENT: GEMOTIVEERD? || 32 || 10 || Hoe voelt u zich OP DIT MOMENT: NEERSLACHTIG OF SOMBER? || 0"
"acs-nmcb-2.csv",27,"O_50_message","message",2,"12 || 6"
"acs-nmcb-2.csv",27,"O_51_questionnaire5","questionnaire",35,"questionnaire-current_state2 || 13042026 || 14:06.54 || 14:07.59 || 65813 || 1 || Hoe voelt u zich OP DIT MOMENT: UITGEPUT? || 70 || 2 || Hoe voelt u zich OP DIT MOMENT: VERMOEID? || 95 || 3 || Hoe voelt u zich OP DIT MOMENT: SLAPERIG? || 72 || 4 || Hoe voelt u zich OP DIT MOMENT: VOL ENERGIE? || 0 || 5 || Hoe voelt u zich OP DIT MOMENT: GESTRESSED OF GESPANNEN? || 1 || 6 || Hoe voelt u zich OP DIT MOMENT: IK KAN MIJ GOED CONCENTREREN? || 11 || 7 || Hoe voelt u zich OP DIT MOMENT: MIJN DENKEN GAAT TRAAG? || 59 || 8 || Hoe voelt u zich OP DIT MOMENT: HELDER VAN GEEST? || 1 || 9 || Hoe voelt u zich OP DIT MOMENT: GEMOTIVEERD? || 48 || 10 || Hoe voelt u zich OP DIT MOMENT: NEERSLACHTIG OF SOMBER? || 0"
"acs-nmcb-2.csv",28,"O_50_message","message",2,"8 || 2"
"acs-nmcb-2.csv",28,"O_51_questionnaire5","questionnaire",35,"questionnaire-current_state2 || 17042026 || 20:41.22 || 20:42.22 || 60200 || 1 || Hoe voelt u zich OP DIT MOMENT: UITGEPUT? || 73 || 2 || Hoe voelt u zich OP DIT MOMENT: VERMOEID? || 76 || 3 || Hoe voelt u zich OP DIT MOMENT: SLAPERIG? || 82 || 4 || Hoe voelt u zich OP DIT MOMENT: VOL ENERGIE? || 26 || 5 || Hoe voelt u zich OP DIT MOMENT: GESTRESSED OF GESPANNEN? || 0 || 6 || Hoe voelt u zich OP DIT MOMENT: IK KAN MIJ GOED CONCENTREREN? || 29 || 7 || Hoe voelt u zich OP DIT MOMENT: MIJN DENKEN GAAT TRAAG? || 32 || 8 || Hoe voelt u zich OP DIT MOMENT: HELDER VAN GEEST? || 38 || 9 || Hoe voelt u zich OP DIT MOMENT: GEMOTIVEERD? || 100 || 10 || Hoe voelt u zich OP DIT MOMENT: NEERSLACHTIG OF SOMBER? || 0"
"acs-nmcb-2.csv",28,"O_52_questionnaire6","questionnaire",0,
"acs-nmcb-2.csv",28,"O_52_questionnaire_ntli2","questionnaire-ntli",0,
"acs-nmcb-2.csv",29,"O_50_message","message",2,"12 || 2"
"acs-nmcb-2.csv",29,"O_51_questionnaire5","questionnaire",35,"questionnaire-current_state2 || 18042026 || 12:10.45 || 12:11.33 || 47976 || 1 || Hoe voelt u zich OP DIT MOMENT: UITGEPUT? || 80 || 2 || Hoe voelt u zich OP DIT MOMENT: VERMOEID? || 94 || 3 || Hoe voelt u zich OP DIT MOMENT: SLAPERIG? || 11 || 4 || Hoe voelt u zich OP DIT MOMENT: VOL ENERGIE? || 23 || 5 || Hoe voelt u zich OP DIT MOMENT: GESTRESSED OF GESPANNEN? || 0 || 6 || Hoe voelt u zich OP DIT MOMENT: IK KAN MIJ GOED CONCENTREREN? || 22 || 7 || Hoe voelt u zich OP DIT MOMENT: MIJN DENKEN GAAT TRAAG? || 88 || 8 || Hoe voelt u zich OP DIT MOMENT: HELDER VAN GEEST? || 14 || 9 || Hoe voelt u zich OP DIT MOMENT: GEMOTIVEERD? || 64 || 10 || Hoe voelt u zich OP DIT MOMENT: NEERSLACHTIG OF SOMBER? || 0"
"acs-nmcb-2.csv",30,"O_50_message","message",2,"8 || 4"
"acs-nmcb-2.csv",30,"O_51_questionnaire5","questionnaire",35,"questionnaire-current_state2 || 20042026 || 16:52.15 || 16:53.00 || 45252 || 1 || Hoe voelt u zich OP DIT MOMENT: UITGEPUT? || 0 || 2 || Hoe voelt u zich OP DIT MOMENT: VERMOEID? || 0 || 3 || Hoe voelt u zich OP DIT MOMENT: SLAPERIG? || 0 || 4 || Hoe voelt u zich OP DIT MOMENT: VOL ENERGIE? || 89 || 5 || Hoe voelt u zich OP DIT MOMENT: GESTRESSED OF GESPANNEN? || 0 || 6 || Hoe voelt u zich OP DIT MOMENT: IK KAN MIJ GOED CONCENTREREN? || 97 || 7 || Hoe voelt u zich OP DIT MOMENT: MIJN DENKEN GAAT TRAAG? || 3 || 8 || Hoe voelt u zich OP DIT MOMENT: HELDER VAN GEEST? || 97 || 9 || Hoe voelt u zich OP DIT MOMENT: GEMOTIVEERD? || 95 || 10 || Hoe voelt u zich OP DIT MOMENT: NEERSLACHTIG OF SOMBER? || 1"
"acs-nmcb-2.csv",30,"O_52_questionnaire6","questionnaire",0,
"acs-nmcb-2.csv",30,"O_52_questionnaire_ntli2","questionnaire-ntli",0,
"acs-nmcb-2.csv",31,"O_50_message","message",2,"10 || 4"
"acs-nmcb-2.csv",31,"O_51_questionnaire5","questionnaire",35,"questionnaire-current_state2 || 03052026 || 15:48.39 || 15:49.35 || 56332 || 1 || Hoe voelt u zich OP DIT MOMENT: UITGEPUT? || 66 || 2 || Hoe voelt u zich OP DIT MOMENT: VERMOEID? || 77 || 3 || Hoe voelt u zich OP DIT MOMENT: SLAPERIG? || 13 || 4 || Hoe voelt u zich OP DIT MOMENT: VOL ENERGIE? || 16 || 5 || Hoe voelt u zich OP DIT MOMENT: GESTRESSED OF GESPANNEN? || 16 || 6 || Hoe voelt u zich OP DIT MOMENT: IK KAN MIJ GOED CONCENTREREN? || 16 || 7 || Hoe voelt u zich OP DIT MOMENT: MIJN DENKEN GAAT TRAAG? || 82 || 8 || Hoe voelt u zich OP DIT MOMENT: HELDER VAN GEEST? || 16 || 9 || Hoe voelt u zich OP DIT MOMENT: GEMOTIVEERD? || 65 || 10 || Hoe voelt u zich OP DIT MOMENT: NEERSLACHTIG OF SOMBER? || 52"
"acs-nmcb-2.csv",32,"O_50_message","message",2,"12 || 4"
"acs-nmcb-2.csv",32,"O_51_questionnaire5","questionnaire",35,"questionnaire-current_state2 || 22042026 || 10:24.55 || 10:25.51 || 55723 || 1 || Hoe voelt u zich OP DIT MOMENT: UITGEPUT? || 0 || 2 || Hoe voelt u zich OP DIT MOMENT: VERMOEID? || 5 || 3 || Hoe voelt u zich OP DIT MOMENT: SLAPERIG? || 0 || 4 || Hoe voelt u zich OP DIT MOMENT: VOL ENERGIE? || 94 || 5 || Hoe voelt u zich OP DIT MOMENT: GESTRESSED OF GESPANNEN? || 0 || 6 || Hoe voelt u zich OP DIT MOMENT: IK KAN MIJ GOED CONCENTREREN? || 96 || 7 || Hoe voelt u zich OP DIT MOMENT: MIJN DENKEN GAAT TRAAG? || 9 || 8 || Hoe voelt u zich OP DIT MOMENT: HELDER VAN GEEST? || 92 || 9 || Hoe voelt u zich OP DIT MOMENT: GEMOTIVEERD? || 96 || 10 || Hoe voelt u zich OP DIT MOMENT: NEERSLACHTIG OF SOMBER? || 0"
"acs-nmcb-2.csv",32,"O_52_questionnaire6","questionnaire",0,
"acs-nmcb-2.csv",32,"O_52_questionnaire_ntli2","questionnaire-ntli",0,
"acs-nmcb-2.csv",33,"O_50_message","message",2,"10 || 2"
"acs-nmcb-2.csv",33,"O_51_questionnaire5","questionnaire",35,"questionnaire-current_state2 || 22042026 || 13:37.49 || 13:38.53 || 63957 || 1 || Hoe voelt u zich OP DIT MOMENT: UITGEPUT? || 100 || 2 || Hoe voelt u zich OP DIT MOMENT: VERMOEID? || 100 || 3 || Hoe voelt u zich OP DIT MOMENT: SLAPERIG? || 100 || 4 || Hoe voelt u zich OP DIT MOMENT: VOL ENERGIE? || 5 || 5 || Hoe voelt u zich OP DIT MOMENT: GESTRESSED OF GESPANNEN? || 100 || 6 || Hoe voelt u zich OP DIT MOMENT: IK KAN MIJ GOED CONCENTREREN? || 0 || 7 || Hoe voelt u zich OP DIT MOMENT: MIJN DENKEN GAAT TRAAG? || 100 || 8 || Hoe voelt u zich OP DIT MOMENT: HELDER VAN GEEST? || 0 || 9 || Hoe voelt u zich OP DIT MOMENT: GEMOTIVEERD? || 50 || 10 || Hoe voelt u zich OP DIT MOMENT: NEERSLACHTIG OF SOMBER? || 100"
"acs-nmcb-2.csv",33,"O_52_questionnaire6","questionnaire",0,
"acs-nmcb-2.csv",33,"O_52_questionnaire_ntli2","questionnaire-ntli",0,
"acs-nmcb-2.csv",35,"O_50_message","message",2,"12 || 4"
"acs-nmcb-2.csv",35,"O_51_questionnaire5","questionnaire",35,"questionnaire-current_state2 || 26042026 || 13:27.25 || 13:27.59 || 33898 || 1 || Hoe voelt u zich OP DIT MOMENT: UITGEPUT? || 2 || 2 || Hoe voelt u zich OP DIT MOMENT: VERMOEID? || 14 || 3 || Hoe voelt u zich OP DIT MOMENT: SLAPERIG? || 0 || 4 || Hoe voelt u zich OP DIT MOMENT: VOL ENERGIE? || 79 || 5 || Hoe voelt u zich OP DIT MOMENT: GESTRESSED OF GESPANNEN? || 54 || 6 || Hoe voelt u zich OP DIT MOMENT: IK KAN MIJ GOED CONCENTREREN? || 78 || 7 || Hoe voelt u zich OP DIT MOMENT: MIJN DENKEN GAAT TRAAG? || 7 || 8 || Hoe voelt u zich OP DIT MOMENT: HELDER VAN GEEST? || 88 || 9 || Hoe voelt u zich OP DIT MOMENT: GEMOTIVEERD? || 96 || 10 || Hoe voelt u zich OP DIT MOMENT: NEERSLACHTIG OF SOMBER? || 35"
"acs-nmcb-2.csv",35,"O_52_questionnaire6","questionnaire",0,
"acs-nmcb-2.csv",35,"O_52_questionnaire_ntli2","questionnaire-ntli",0,
"acs-nmcb-2.csv",36,"O_50_message","message",2,"8 || 4"
"acs-nmcb-2.csv",36,"O_51_questionnaire5","questionnaire",35,"questionnaire-current_state2 || 26042026 || 10:44.48 || 10:45.39 || 50643 || 1 || Hoe voelt u zich OP DIT MOMENT: UITGEPUT? || 8 || 2 || Hoe voelt u zich OP DIT MOMENT: VERMOEID? || 10 || 3 || Hoe voelt u zich OP DIT MOMENT: SLAPERIG? || 9 || 4 || Hoe voelt u zich OP DIT MOMENT: VOL ENERGIE? || 68 || 5 || Hoe voelt u zich OP DIT MOMENT: GESTRESSED OF GESPANNEN? || 13 || 6 || Hoe voelt u zich OP DIT MOMENT: IK KAN MIJ GOED CONCENTREREN? || 21 || 7 || Hoe voelt u zich OP DIT MOMENT: MIJN DENKEN GAAT TRAAG? || 62 || 8 || Hoe voelt u zich OP DIT MOMENT: HELDER VAN GEEST? || 77 || 9 || Hoe voelt u zich OP DIT MOMENT: GEMOTIVEERD? || 69 || 10 || Hoe voelt u zich OP DIT MOMENT: NEERSLACHTIG OF SOMBER? || 32"
"acs-nmcb-2.csv",36,"O_52_questionnaire6","questionnaire",0,
"acs-nmcb-2.csv",36,"O_52_questionnaire_ntli2","questionnaire-ntli",0,
"acs-nmcb-2.csv",37,"O_50_message","message",2,"11 || 3"
"acs-nmcb-2.csv",37,"O_51_questionnaire5","questionnaire",35,"questionnaire-current_state2 || 25042026 || 16:48.46 || 16:49.57 || 70962 || 1 || Hoe voelt u zich OP DIT MOMENT: UITGEPUT? || 77 || 2 || Hoe voelt u zich OP DIT MOMENT: VERMOEID? || 78 || 3 || Hoe voelt u zich OP DIT MOMENT: SLAPERIG? || 63 || 4 || Hoe voelt u zich OP DIT MOMENT: VOL ENERGIE? || 17 || 5 || Hoe voelt u zich OP DIT MOMENT: GESTRESSED OF GESPANNEN? || 40 || 6 || Hoe voelt u zich OP DIT MOMENT: IK KAN MIJ GOED CONCENTREREN? || 12 || 7 || Hoe voelt u zich OP DIT MOMENT: MIJN DENKEN GAAT TRAAG? || 80 || 8 || Hoe voelt u zich OP DIT MOMENT: HELDER VAN GEEST? || 16 || 9 || Hoe voelt u zich OP DIT MOMENT: GEMOTIVEERD? || 78 || 10 || Hoe voelt u zich OP DIT MOMENT: NEERSLACHTIG OF SOMBER? || 50"
"acs-nmcb-2.csv",37,"O_52_questionnaire6","questionnaire",0,
"acs-nmcb-2.csv",37,"O_52_questionnaire_ntli2","questionnaire-ntli",0,
"acs-nmcb-2.csv",38,"O_50_message","message",2,"14 || 4"
"acs-nmcb-2.csv",38,"O_51_questionnaire5","questionnaire",35,"questionnaire-current_state2 || 30042026 || 16:34.03 || 16:34.53 || 50299 || 1 || Hoe voelt u zich OP DIT MOMENT: UITGEPUT? || 0 || 2 || Hoe voelt u zich OP DIT MOMENT: VERMOEID? || 5 || 3 || Hoe voelt u zich OP DIT MOMENT: SLAPERIG? || 7 || 4 || Hoe voelt u zich OP DIT MOMENT: VOL ENERGIE? || 81 || 5 || Hoe voelt u zich OP DIT MOMENT: GESTRESSED OF GESPANNEN? || 8 || 6 || Hoe voelt u zich OP DIT MOMENT: IK KAN MIJ GOED CONCENTREREN? || 85 || 7 || Hoe voelt u zich OP DIT MOMENT: MIJN DENKEN GAAT TRAAG? || 17 || 8 || Hoe voelt u zich OP DIT MOMENT: HELDER VAN GEEST? || 83 || 9 || Hoe voelt u zich OP DIT MOMENT: GEMOTIVEERD? || 72 || 10 || Hoe voelt u zich OP DIT MOMENT: NEERSLACHTIG OF SOMBER? || 0"
"acs-nmcb-2.csv",38,"O_52_questionnaire6","questionnaire",0,
"acs-nmcb-2.csv",38,"O_52_questionnaire_ntli2","questionnaire-ntli",0,
"acs-nmcb-3.csv",2,"O_49_message_break","message-break",1,"3975"
"acs-nmcb-3.csv",2,"O_50_message","message",0,
"acs-nmcb-3.csv",2,"O_50_message_break","message-break",0,
"acs-nmcb-3.csv",2,"O_51_questionnaire5","questionnaire",1,"0"
"acs-nmcb-3.csv",3,"O_49_message_break","message-break",1,"3735"
"acs-nmcb-3.csv",3,"O_50_message","message",0,
"acs-nmcb-3.csv",3,"O_50_message_break","message-break",0,
"acs-nmcb-3.csv",3,"O_51_questionnaire5","questionnaire",1,"0"
"acs-nmcb-3.csv",4,"O_49_message_break","message-break",1,"3696"
"acs-nmcb-3.csv",4,"O_50_message","message",0,
"acs-nmcb-3.csv",4,"O_50_message_break","message-break",0,
"acs-nmcb-3.csv",4,"O_51_questionnaire5","questionnaire",1,"0"
"acs-nmcb-3.csv",5,"O_49_message_break","message-break",1,"3696"
"acs-nmcb-3.csv",5,"O_50_message","message",0,
"acs-nmcb-3.csv",5,"O_50_message_break","message-break",0,
"acs-nmcb-3.csv",5,"O_51_questionnaire5","questionnaire",1,"0"
"acs-nmcb-3.csv",6,"O_49_message_break","message-break",1,"3894"
"acs-nmcb-3.csv",6,"O_50_message","message",0,
"acs-nmcb-3.csv",6,"O_50_message_break","message-break",0,
"acs-nmcb-3.csv",6,"O_51_questionnaire5","questionnaire",1,"0"
"acs-nmcb-3.csv",7,"O_49_message_break","message-break",1,"3696"
"acs-nmcb-3.csv",7,"O_50_message","message",0,
"acs-nmcb-3.csv",7,"O_50_message_break","message-break",0,
"acs-nmcb-3.csv",7,"O_51_questionnaire5","questionnaire",1,"0"
"acs-nmcb-3.csv",8,"O_49_message_break","message-break",1,"4728"
"acs-nmcb-3.csv",8,"O_50_message","message",0,
"acs-nmcb-3.csv",8,"O_50_message_break","message-break",0,
"acs-nmcb-3.csv",8,"O_51_questionnaire5","questionnaire",1,"0"
"acs-nmcb-3.csv",10,"O_49_message_break","message-break",1,"3894"
"acs-nmcb-3.csv",10,"O_50_message","message",0,
"acs-nmcb-3.csv",10,"O_50_message_break","message-break",0,
"acs-nmcb-3.csv",10,"O_51_questionnaire5","questionnaire",1,"0"
"acs-nmcb-3.csv",11,"O_49_message_break","message-break",1,"7020"
"acs-nmcb-3.csv",11,"O_50_message","message",0,
"acs-nmcb-3.csv",11,"O_50_message_break","message-break",0,
"acs-nmcb-3.csv",11,"O_51_questionnaire5","questionnaire",1,"0"
"acs-nmcb-3.csv",12,"O_49_message_break","message-break",1,"3620"
"acs-nmcb-3.csv",12,"O_50_message","message",0,
"acs-nmcb-3.csv",12,"O_50_message_break","message-break",0,
"acs-nmcb-3.csv",12,"O_51_questionnaire5","questionnaire",1,"0"
"acs-nmcb-3.csv",13,"O_49_message_break","message-break",1,"5477"
"acs-nmcb-3.csv",13,"O_50_message","message",0,
"acs-nmcb-3.csv",13,"O_50_message_break","message-break",0,
"acs-nmcb-3.csv",13,"O_51_questionnaire5","questionnaire",1,"0"
"acs-nmcb-3.csv",14,"O_49_message_break","message-break",1,"4686"
"acs-nmcb-3.csv",14,"O_50_message","message",0,
"acs-nmcb-3.csv",14,"O_50_message_break","message-break",0,
"acs-nmcb-3.csv",14,"O_51_questionnaire5","questionnaire",1,"0"
"acs-nmcb-3.csv",15,"O_49_message_break","message-break",1,"5723"
"acs-nmcb-3.csv",15,"O_50_message","message",0,
"acs-nmcb-3.csv",15,"O_50_message_break","message-break",0,
"acs-nmcb-3.csv",15,"O_51_questionnaire5","questionnaire",1,"0"
"acs-nmcb-3.csv",16,"O_49_message_break","message-break",1,"5723"
"acs-nmcb-3.csv",16,"O_50_message","message",0,
"acs-nmcb-3.csv",16,"O_50_message_break","message-break",0,
"acs-nmcb-3.csv",16,"O_51_questionnaire5","questionnaire",1,"0"
"acs-nmcb-3.csv",17,"O_49_message_break","message-break",1,"4595"
"acs-nmcb-3.csv",17,"O_50_message","message",0,
"acs-nmcb-3.csv",17,"O_50_message_break","message-break",0,
"acs-nmcb-3.csv",17,"O_51_questionnaire5","questionnaire",1,"0"
"acs-nmcb-3.csv",18,"O_49_message_break","message-break",1,"4890"
"acs-nmcb-3.csv",18,"O_50_message","message",0,
"acs-nmcb-3.csv",18,"O_50_message_break","message-break",0,
"acs-nmcb-3.csv",18,"O_51_questionnaire5","questionnaire",1,"0"
"acs-nmcb-3.csv",19,"O_49_message_break","message-break",1,"4890"
"acs-nmcb-3.csv",19,"O_50_message","message",0,
"acs-nmcb-3.csv",19,"O_50_message_break","message-break",0,
"acs-nmcb-3.csv",19,"O_51_questionnaire5","questionnaire",1,"0"
"acs-nmcb-3.csv",20,"O_49_message_break","message-break",1,"6786"
"acs-nmcb-3.csv",20,"O_50_message","message",0,
"acs-nmcb-3.csv",20,"O_50_message_break","message-break",0,
"acs-nmcb-3.csv",20,"O_51_questionnaire5","questionnaire",1,"0"
"acs-nmcb-3.csv",21,"O_49_message_break","message-break",1,"4686"
"acs-nmcb-3.csv",21,"O_50_message","message",0,
"acs-nmcb-3.csv",21,"O_50_message_break","message-break",0,
"acs-nmcb-3.csv",21,"O_51_questionnaire5","questionnaire",1,"0"
"acs-nmcb-3.csv",22,"O_49_message_break","message-break",1,"4890"
"acs-nmcb-3.csv",22,"O_50_message","message",0,
"acs-nmcb-3.csv",22,"O_50_message_break","message-break",0,
"acs-nmcb-3.csv",22,"O_51_questionnaire5","questionnaire",1,"0"
"acs-nmcb-3.csv",23,"O_49_message_break","message-break",1,"5723"
"acs-nmcb-3.csv",23,"O_50_message","message",0,
"acs-nmcb-3.csv",23,"O_50_message_break","message-break",0,
"acs-nmcb-3.csv",23,"O_51_questionnaire5","questionnaire",1,"0"
"acs-nmcb-3.csv",24,"O_49_message_break","message-break",1,"6864"
"acs-nmcb-3.csv",24,"O_50_message","message",0,
"acs-nmcb-3.csv",24,"O_50_message_break","message-break",0,
"acs-nmcb-3.csv",24,"O_51_questionnaire5","questionnaire",1,"0"
"acs-nmcb-3.csv",25,"O_49_message_break","message-break",1,"7961"
"acs-nmcb-3.csv",25,"O_50_message","message",0,
"acs-nmcb-3.csv",25,"O_50_message_break","message-break",0,
"acs-nmcb-3.csv",25,"O_51_questionnaire5","questionnaire",1,"0"
"acs-nmcb-3.csv",26,"O_49_message_break","message-break",1,"3620"
"acs-nmcb-3.csv",26,"O_50_message","message",0,
"acs-nmcb-3.csv",26,"O_50_message_break","message-break",0,
"acs-nmcb-3.csv",26,"O_51_questionnaire5","questionnaire",1,"0"
"acs-nmcb-3.csv",27,"O_49_message_break","message-break",1,"8608"
"acs-nmcb-3.csv",27,"O_50_message","message",0,
"acs-nmcb-3.csv",27,"O_50_message_break","message-break",0,
"acs-nmcb-3.csv",27,"O_51_questionnaire5","questionnaire",1,"0"
"acs-nmcb-3.csv",28,"O_49_message_break","message-break",1,"6786"
"acs-nmcb-3.csv",28,"O_50_message","message",0,
"acs-nmcb-3.csv",28,"O_50_message_break","message-break",0,
"acs-nmcb-3.csv",28,"O_51_questionnaire5","questionnaire",1,"0"
"acs-nmcb-3.csv",29,"O_49_message_break","message-break",1,"7020"
"acs-nmcb-3.csv",29,"O_50_message","message",0,
"acs-nmcb-3.csv",29,"O_50_message_break","message-break",0,
"acs-nmcb-3.csv",29,"O_51_questionnaire5","questionnaire",1,"0"
"acs-nmcb-3.csv",30,"O_49_message_break","message-break",1,"6786"
"acs-nmcb-3.csv",30,"O_50_message","message",0,
"acs-nmcb-3.csv",30,"O_50_message_break","message-break",0,
"acs-nmcb-3.csv",30,"O_51_questionnaire5","questionnaire",1,"0"
"acs-nmcb-3.csv",31,"O_49_message_break","message-break",1,"9652"
"acs-nmcb-3.csv",31,"O_50_message","message",0,
"acs-nmcb-3.csv",31,"O_50_message_break","message-break",0,
"acs-nmcb-3.csv",31,"O_51_questionnaire5","questionnaire",1,"0"
"acs-nmcb-3.csv",32,"O_49_message_break","message-break",1,"9704"
"acs-nmcb-3.csv",32,"O_50_message","message",0,
"acs-nmcb-3.csv",32,"O_50_message_break","message-break",0,
"acs-nmcb-3.csv",32,"O_51_questionnaire5","questionnaire",1,"0"
"acs-nmcb-3.csv",33,"O_49_message_break","message-break",1,"7961"
"acs-nmcb-3.csv",33,"O_50_message","message",0,
"acs-nmcb-3.csv",33,"O_50_message_break","message-break",0,
"acs-nmcb-3.csv",33,"O_51_questionnaire5","questionnaire",1,"0"
"acs-nmcb-3.csv",34,"O_49_message_break","message-break",1,"9983"
"acs-nmcb-3.csv",34,"O_50_message","message",0,
"acs-nmcb-3.csv",34,"O_50_message_break","message-break",0,
"acs-nmcb-3.csv",34,"O_51_questionnaire5","questionnaire",1,"0"
"acs-nmcb-3.csv",35,"O_49_message_break","message-break",1,"9704"
"acs-nmcb-3.csv",35,"O_50_message","message",0,
"acs-nmcb-3.csv",35,"O_50_message_break","message-break",0,
"acs-nmcb-3.csv",35,"O_51_questionnaire5","questionnaire",1,"0"
"acs-nmcb-3.csv",36,"O_49_message_break","message-break",1,"9704"
"acs-nmcb-3.csv",36,"O_50_message","message",0,
"acs-nmcb-3.csv",36,"O_50_message_break","message-break",0,
"acs-nmcb-3.csv",36,"O_51_questionnaire5","questionnaire",1,"0"
"acs-nmcb-4.csv",1,"O_49_message_break","message-break",27,"0 || trailmaking || 3775 || demo-numbers-letters || 01022026 || 15:10.34 || 15:10.41 || demo-numbers-letters || 0 || 0 || 100 || 7186 || 0 || trailmaking || 3775 || numbers-letters || 01022026 || 15:10.45 || 15:11.48 || numbers-letters || 1 || 0 || 96.15 || 62732 || 0 || message || 3775"
"acs-nmcb-4.csv",1,"O_50_message","message",0,
"acs-nmcb-4.csv",1,"O_50_message_break","message-break",0,
"acs-nmcb-4.csv",1,"O_51_questionnaire5","questionnaire",12,"7 || Hoe voelt u zich OP DIT MOMENT: MIJN DENKEN GAAT TRAAG? || 2 || 8 || Hoe voelt u zich OP DIT MOMENT: HELDER VAN GEEST? || 100 || 9 || Hoe voelt u zich OP DIT MOMENT: GEMOTIVEERD? || 99 || 10 || Hoe voelt u zich OP DIT MOMENT: NEERSLACHTIG OF SOMBER? || 0"
"acs-nmcb-4.csv",2,"O_49_message_break","message-break",27,"0 || trailmaking || 3616 || demo-numbers-letters || 23012026 || 20:06.42 || 20:06.47 || demo-numbers-letters || 0 || 0 || 100 || 5554 || 0 || trailmaking || 3616 || numbers-letters || 23012026 || 20:06.54 || 20:07.47 || numbers-letters || 0 || 0 || 100 || 53203 || 0 || message || 3616"
"acs-nmcb-4.csv",2,"O_50_message","message",0,
"acs-nmcb-4.csv",2,"O_50_message_break","message-break",0,
"acs-nmcb-4.csv",2,"O_51_questionnaire5","questionnaire",12,"7 || Hoe voelt u zich OP DIT MOMENT: MIJN DENKEN GAAT TRAAG? || 88 || 8 || Hoe voelt u zich OP DIT MOMENT: HELDER VAN GEEST? || 5 || 9 || Hoe voelt u zich OP DIT MOMENT: GEMOTIVEERD? || 69 || 10 || Hoe voelt u zich OP DIT MOMENT: NEERSLACHTIG OF SOMBER? || 6"
"acs-nmcb-4.csv",2,"O_52_questionnaire6","questionnaire",0,
"acs-nmcb-4.csv",2,"O_52_questionnaire_ntli2","questionnaire-ntli",0,
"acs-nmcb-4.csv",4,"O_49_message_break","message-break",27,"0 || trailmaking || 4479 || demo-numbers-letters || 09022026 || 11:26.10 || 11:26.15 || demo-numbers-letters || 0 || 0 || 100 || 5306 || 0 || trailmaking || 4479 || numbers-letters || 09022026 || 11:26.19 || 11:27.08 || numbers-letters || 1 || 0 || 96.15 || 49360 || 0 || message || 4479"
"acs-nmcb-4.csv",4,"O_50_message","message",0,
"acs-nmcb-4.csv",4,"O_50_message_break","message-break",0,
"acs-nmcb-4.csv",4,"O_51_questionnaire5","questionnaire",12,"7 || Hoe voelt u zich OP DIT MOMENT: MIJN DENKEN GAAT TRAAG? || 73 || 8 || Hoe voelt u zich OP DIT MOMENT: HELDER VAN GEEST? || 24 || 9 || Hoe voelt u zich OP DIT MOMENT: GEMOTIVEERD? || 37 || 10 || Hoe voelt u zich OP DIT MOMENT: NEERSLACHTIG OF SOMBER? || 0"
"acs-nmcb-4.csv",4,"O_52_questionnaire6","questionnaire",0,
"acs-nmcb-4.csv",4,"O_52_questionnaire_ntli2","questionnaire-ntli",0,
"acs-nmcb-4.csv",5,"O_49_message_break","message-break",27,"0 || trailmaking || 4686 || demo-numbers-letters || 13022026 || 13:21.23 || 13:21.28 || demo-numbers-letters || 0 || 0 || 100 || 5871 || 0 || trailmaking || 4686 || numbers-letters || 13022026 || 13:21.32 || 13:22.03 || numbers-letters || 0 || 0 || 100 || 31212 || 0 || message || 4686"
"acs-nmcb-4.csv",5,"O_50_message","message",0,
"acs-nmcb-4.csv",5,"O_50_message_break","message-break",0,
"acs-nmcb-4.csv",5,"O_51_questionnaire5","questionnaire",12,"7 || Hoe voelt u zich OP DIT MOMENT: MIJN DENKEN GAAT TRAAG? || 0 || 8 || Hoe voelt u zich OP DIT MOMENT: HELDER VAN GEEST? || 95 || 9 || Hoe voelt u zich OP DIT MOMENT: GEMOTIVEERD? || 94 || 10 || Hoe voelt u zich OP DIT MOMENT: NEERSLACHTIG OF SOMBER? || 0"
"acs-nmcb-4.csv",5,"O_52_questionnaire6","questionnaire",0,
"acs-nmcb-4.csv",5,"O_52_questionnaire_ntli2","questionnaire-ntli",0,
"acs-nmcb-4.csv",6,"O_49_message_break","message-break",27,"0 || trailmaking || 5081 || demo-numbers-letters || 20022026 || 12:59.40 || 12:59.45 || demo-numbers-letters || 0 || 0 || 100 || 5831 || 0 || trailmaking || 5081 || numbers-letters || 20022026 || 12:59.49 || 13:00.39 || numbers-letters || 0 || 0 || 100 || 49336 || 0 || message || 5081"
"acs-nmcb-4.csv",6,"O_50_message","message",0,
"acs-nmcb-4.csv",6,"O_50_message_break","message-break",0,
"acs-nmcb-4.csv",6,"O_51_questionnaire5","questionnaire",12,"7 || Hoe voelt u zich OP DIT MOMENT: MIJN DENKEN GAAT TRAAG? || 24 || 8 || Hoe voelt u zich OP DIT MOMENT: HELDER VAN GEEST? || 65 || 9 || Hoe voelt u zich OP DIT MOMENT: GEMOTIVEERD? || 62 || 10 || Hoe voelt u zich OP DIT MOMENT: NEERSLACHTIG OF SOMBER? || 0"
"acs-nmcb-4.csv",7,"O_49_message_break","message-break",27,"0 || trailmaking || 4890 || demo-numbers-letters || 22022026 || 10:57.15 || 10:57.33 || demo-numbers-letters || 1 || 0 || 88.89 || 17732 || 0 || trailmaking || 4890 || numbers-letters || 22022026 || 10:57.37 || 10:58.37 || numbers-letters || 0 || 0 || 100 || 59512 || 0 || message || 4890"
"acs-nmcb-4.csv",7,"O_50_message","message",0,
"acs-nmcb-4.csv",7,"O_50_message_break","message-break",0,
"acs-nmcb-4.csv",7,"O_51_questionnaire5","questionnaire",12,"7 || Hoe voelt u zich OP DIT MOMENT: MIJN DENKEN GAAT TRAAG? || 35 || 8 || Hoe voelt u zich OP DIT MOMENT: HELDER VAN GEEST? || 36 || 9 || Hoe voelt u zich OP DIT MOMENT: GEMOTIVEERD? || 29 || 10 || Hoe voelt u zich OP DIT MOMENT: NEERSLACHTIG OF SOMBER? || 76"
"acs-nmcb-4.csv",7,"O_52_questionnaire6","questionnaire",0,
"acs-nmcb-4.csv",7,"O_52_questionnaire_ntli2","questionnaire-ntli",0,
"acs-nmcb-4.csv",8,"O_49_message_break","message-break",27,"0 || trailmaking || 6377 || demo-numbers-letters || 11032026 || 15:43.11 || 15:43.17 || demo-numbers-letters || 0 || 0 || 100 || 6072 || 0 || trailmaking || 6377 || numbers-letters || 11032026 || 15:43.20 || 15:44.11 || numbers-letters || 0 || 0 || 100 || 50985 || 0 || message || 6377"
"acs-nmcb-4.csv",8,"O_50_message","message",0,
"acs-nmcb-4.csv",8,"O_50_message_break","message-break",0,
"acs-nmcb-4.csv",8,"O_51_questionnaire5","questionnaire",12,"7 || Hoe voelt u zich OP DIT MOMENT: MIJN DENKEN GAAT TRAAG? || 0 || 8 || Hoe voelt u zich OP DIT MOMENT: HELDER VAN GEEST? || 94 || 9 || Hoe voelt u zich OP DIT MOMENT: GEMOTIVEERD? || 100 || 10 || Hoe voelt u zich OP DIT MOMENT: NEERSLACHTIG OF SOMBER? || 0"
"acs-nmcb-4.csv",9,"O_49_message_break","message-break",27,"0 || trailmaking || 4686 || demo-numbers-letters || 15032026 || 12:48.24 || 12:48.31 || demo-numbers-letters || 0 || 0 || 100 || 7039 || 0 || trailmaking || 4686 || numbers-letters || 15032026 || 12:48.35 || 12:49.28 || numbers-letters || 0 || 0 || 100 || 53233 || 0 || message || 4686"
"acs-nmcb-4.csv",9,"O_50_message","message",0,
"acs-nmcb-4.csv",9,"O_50_message_break","message-break",0,
"acs-nmcb-4.csv",9,"O_51_questionnaire5","questionnaire",12,"7 || Hoe voelt u zich OP DIT MOMENT: MIJN DENKEN GAAT TRAAG? || 81 || 8 || Hoe voelt u zich OP DIT MOMENT: HELDER VAN GEEST? || 5 || 9 || Hoe voelt u zich OP DIT MOMENT: GEMOTIVEERD? || 100 || 10 || Hoe voelt u zich OP DIT MOMENT: NEERSLACHTIG OF SOMBER? || 13"
"acs-nmcb-4.csv",9,"O_52_questionnaire6","questionnaire",0,
"acs-nmcb-4.csv",9,"O_52_questionnaire_ntli2","questionnaire-ntli",0,
"acs-nmcb-4.csv",10,"O_49_message_break","message-break",27,"0 || trailmaking || 6825 || demo-numbers-letters || 17032026 || 15:20.45 || 15:20.51 || demo-numbers-letters || 0 || 0 || 100 || 5929 || 0 || trailmaking || 6825 || numbers-letters || 17032026 || 15:20.56 || 15:22.01 || numbers-letters || 0 || 0 || 100 || 64149 || 0 || message || 6825"
"acs-nmcb-4.csv",10,"O_50_message","message",0,
"acs-nmcb-4.csv",10,"O_50_message_break","message-break",0,
"acs-nmcb-4.csv",10,"O_51_questionnaire5","questionnaire",12,"7 || Hoe voelt u zich OP DIT MOMENT: MIJN DENKEN GAAT TRAAG? || 26 || 8 || Hoe voelt u zich OP DIT MOMENT: HELDER VAN GEEST? || 70 || 9 || Hoe voelt u zich OP DIT MOMENT: GEMOTIVEERD? || 79 || 10 || Hoe voelt u zich OP DIT MOMENT: NEERSLACHTIG OF SOMBER? || 0"
"acs-nmcb-4.csv",10,"O_52_questionnaire6","questionnaire",0,
"acs-nmcb-4.csv",10,"O_52_questionnaire_ntli2","questionnaire-ntli",0,
"acs-nmcb-4.csv",11,"O_49_message_break","message-break",27,"0 || trailmaking || 7020 || demo-numbers-letters || 24032026 || 16:53.29 || 16:53.36 || demo-numbers-letters || 1 || 0 || 88.89 || 6834 || 0 || trailmaking || 7020 || numbers-letters || 24032026 || 16:53.39 || 16:54.05 || numbers-letters || 0 || 2 || 100 || 25614 || 0 || message || 7020"
"acs-nmcb-4.csv",11,"O_50_message","message",0,
"acs-nmcb-4.csv",11,"O_50_message_break","message-break",0,
"acs-nmcb-4.csv",11,"O_51_questionnaire5","questionnaire",12,"7 || Hoe voelt u zich OP DIT MOMENT: MIJN DENKEN GAAT TRAAG? || 17 || 8 || Hoe voelt u zich OP DIT MOMENT: HELDER VAN GEEST? || 69 || 9 || Hoe voelt u zich OP DIT MOMENT: GEMOTIVEERD? || 61 || 10 || Hoe voelt u zich OP DIT MOMENT: NEERSLACHTIG OF SOMBER? || 27"
"acs-nmcb-4.csv",11,"O_52_questionnaire6","questionnaire",0,
"acs-nmcb-4.csv",11,"O_52_questionnaire_ntli2","questionnaire-ntli",0,
"acs-nmcb-4.csv",12,"O_49_message_break","message-break",27,"0 || trailmaking || 7158 || demo-numbers-letters || 22032026 || 10:26.12 || 10:26.27 || demo-numbers-letters || 1 || 0 || 88.89 || 15790 || 0 || trailmaking || 7158 || numbers-letters || 22032026 || 10:26.34 || 10:27.33 || numbers-letters || 0 || 0 || 100 || 59284 || 0 || message || 7158"
"acs-nmcb-4.csv",12,"O_50_message","message",0,
"acs-nmcb-4.csv",12,"O_50_message_break","message-break",0,
"acs-nmcb-4.csv",12,"O_51_questionnaire5","questionnaire",12,"7 || Hoe voelt u zich OP DIT MOMENT: MIJN DENKEN GAAT TRAAG? || 68 || 8 || Hoe voelt u zich OP DIT MOMENT: HELDER VAN GEEST? || 30 || 9 || Hoe voelt u zich OP DIT MOMENT: GEMOTIVEERD? || 55 || 10 || Hoe voelt u zich OP DIT MOMENT: NEERSLACHTIG OF SOMBER? || 61"
"acs-nmcb-4.csv",13,"O_49_message_break","message-break",27,"0 || trailmaking || 4890 || demo-numbers-letters || 27032026 || 09:27.50 || 09:27.56 || demo-numbers-letters || 0 || 0 || 100 || 6158 || 0 || trailmaking || 4890 || numbers-letters || 27032026 || 09:28.00 || 09:28.46 || numbers-letters || 0 || 0 || 100 || 46504 || 0 || message || 4890"
"acs-nmcb-4.csv",13,"O_50_message","message",0,
"acs-nmcb-4.csv",13,"O_50_message_break","message-break",0,
"acs-nmcb-4.csv",13,"O_51_questionnaire5","questionnaire",12,"7 || Hoe voelt u zich OP DIT MOMENT: MIJN DENKEN GAAT TRAAG? || 2 || 8 || Hoe voelt u zich OP DIT MOMENT: HELDER VAN GEEST? || 99 || 9 || Hoe voelt u zich OP DIT MOMENT: GEMOTIVEERD? || 100 || 10 || Hoe voelt u zich OP DIT MOMENT: NEERSLACHTIG OF SOMBER? || 4"
"acs-nmcb-4.csv",13,"O_52_questionnaire6","questionnaire",0,
"acs-nmcb-4.csv",13,"O_52_questionnaire_ntli2","questionnaire-ntli",0,
"acs-nmcb-4.csv",14,"O_49_message_break","message-break",27,"0 || trailmaking || 7020 || demo-numbers-letters || 19032026 || 15:51.06 || 15:51.13 || demo-numbers-letters || 0 || 0 || 100 || 7647 || 0 || trailmaking || 7020 || numbers-letters || 19032026 || 15:51.20 || 15:52.19 || numbers-letters || 0 || 0 || 100 || 58779 || 0 || message || 7020"
"acs-nmcb-4.csv",14,"O_50_message","message",0,
"acs-nmcb-4.csv",14,"O_50_message_break","message-break",0,
"acs-nmcb-4.csv",14,"O_51_questionnaire5","questionnaire",12,"7 || Hoe voelt u zich OP DIT MOMENT: MIJN DENKEN GAAT TRAAG? || 78 || 8 || Hoe voelt u zich OP DIT MOMENT: HELDER VAN GEEST? || 5 || 9 || Hoe voelt u zich OP DIT MOMENT: GEMOTIVEERD? || 55 || 10 || Hoe voelt u zich OP DIT MOMENT: NEERSLACHTIG OF SOMBER? || 10"
"acs-nmcb-4.csv",14,"O_52_questionnaire6","questionnaire",0,
"acs-nmcb-4.csv",14,"O_52_questionnaire_ntli2","questionnaire-ntli",0,
"acs-nmcb-4.csv",15,"O_49_message_break","message-break",27,"0 || trailmaking || 6786 || demo-numbers-letters || 23032026 || 15:11.23 || 15:11.31 || demo-numbers-letters || 0 || 0 || 100 || 7938 || 0 || trailmaking || 6786 || numbers-letters || 23032026 || 15:11.34 || 15:12.17 || numbers-letters || 0 || 0 || 100 || 42563 || 0 || message || 6786"
"acs-nmcb-4.csv",15,"O_50_message","message",0,
"acs-nmcb-4.csv",15,"O_50_message_break","message-break",0,
"acs-nmcb-4.csv",15,"O_51_questionnaire5","questionnaire",12,"7 || Hoe voelt u zich OP DIT MOMENT: MIJN DENKEN GAAT TRAAG? || 89 || 8 || Hoe voelt u zich OP DIT MOMENT: HELDER VAN GEEST? || 1 || 9 || Hoe voelt u zich OP DIT MOMENT: GEMOTIVEERD? || 54 || 10 || Hoe voelt u zich OP DIT MOMENT: NEERSLACHTIG OF SOMBER? || 60"
"acs-nmcb-4.csv",15,"O_52_questionnaire6","questionnaire",0,
"acs-nmcb-4.csv",15,"O_52_questionnaire_ntli2","questionnaire-ntli",0,
"acs-nmcb-4.csv",16,"O_49_message_break","message-break",27,"0 || trailmaking || 6786 || demo-numbers-letters || 28032026 || 13:24.47 || 13:24.55 || demo-numbers-letters || 0 || 0 || 100 || 8326 || 0 || trailmaking || 6786 || numbers-letters || 28032026 || 13:24.59 || 13:25.45 || numbers-letters || 1 || 1 || 96.15 || 46505 || 0 || message || 6786"
"acs-nmcb-4.csv",16,"O_50_message","message",0,
"acs-nmcb-4.csv",16,"O_50_message_break","message-break",0,
"acs-nmcb-4.csv",16,"O_51_questionnaire5","questionnaire",12,"7 || Hoe voelt u zich OP DIT MOMENT: MIJN DENKEN GAAT TRAAG? || 68 || 8 || Hoe voelt u zich OP DIT MOMENT: HELDER VAN GEEST? || 33 || 9 || Hoe voelt u zich OP DIT MOMENT: GEMOTIVEERD? || 100 || 10 || Hoe voelt u zich OP DIT MOMENT: NEERSLACHTIG OF SOMBER? || 0"
"acs-nmcb-4.csv",16,"O_52_questionnaire6","questionnaire",0,
"acs-nmcb-4.csv",16,"O_52_questionnaire_ntli2","questionnaire-ntli",0,
"acs-nmcb-4.csv",17,"O_48_questionnaire_current_state3","questionnaire-current_state2",7,"message-part_two || 26032026 || 09:52.10 || 09:52.15 || 5265 || questionnaire || 6786"
"acs-nmcb-4.csv",17,"O_49_message_break","message-break",27,"0 || trailmaking || 6786 || demo-numbers-letters || 26032026 || 10:01.57 || 10:02.07 || demo-numbers-letters || 0 || 0 || 100 || 10034 || 0 || trailmaking || 6786 || numbers-letters || 26032026 || 10:02.11 || 10:02.59 || numbers-letters || 1 || 0 || 96.15 || 47612 || 0 || message || 6786"
"acs-nmcb-4.csv",17,"O_50_message","message",0,
"acs-nmcb-4.csv",17,"O_50_message_break","message-break",0,
"acs-nmcb-4.csv",17,"O_51_questionnaire5","questionnaire",12,"7 || Hoe voelt u zich OP DIT MOMENT: MIJN DENKEN GAAT TRAAG? || 48 || 8 || Hoe voelt u zich OP DIT MOMENT: HELDER VAN GEEST? || 27 || 9 || Hoe voelt u zich OP DIT MOMENT: GEMOTIVEERD? || 81 || 10 || Hoe voelt u zich OP DIT MOMENT: NEERSLACHTIG OF SOMBER? || 0"
"acs-nmcb-4.csv",17,"O_52_questionnaire6","questionnaire",0,
"acs-nmcb-4.csv",17,"O_52_questionnaire_ntli2","questionnaire-ntli",0,
"acs-nmcb-4.csv",18,"O_49_message_break","message-break",27,"0 || trailmaking || 7961 || demo-numbers-letters || 28032026 || 20:05.54 || 20:06.00 || demo-numbers-letters || 0 || 0 || 100 || 6832 || 0 || trailmaking || 7961 || numbers-letters || 28032026 || 20:06.04 || 20:07.22 || numbers-letters || 0 || 1 || 100 || 78283 || 0 || message || 7961"
"acs-nmcb-4.csv",18,"O_50_message","message",0,
"acs-nmcb-4.csv",18,"O_50_message_break","message-break",0,
"acs-nmcb-4.csv",18,"O_51_questionnaire5","questionnaire",12,"7 || Hoe voelt u zich OP DIT MOMENT: MIJN DENKEN GAAT TRAAG? || 83 || 8 || Hoe voelt u zich OP DIT MOMENT: HELDER VAN GEEST? || 14 || 9 || Hoe voelt u zich OP DIT MOMENT: GEMOTIVEERD? || 67 || 10 || Hoe voelt u zich OP DIT MOMENT: NEERSLACHTIG OF SOMBER? || 3"
"acs-nmcb-4.csv",18,"O_52_questionnaire6","questionnaire",0,
"acs-nmcb-4.csv",18,"O_52_questionnaire_ntli2","questionnaire-ntli",0,
"acs-nmcb-4.csv",19,"O_49_message_break","message-break",27,"0 || trailmaking || 3696 || demo-numbers-letters || 01042026 || 12:38.11 || 12:38.20 || demo-numbers-letters || 0 || 0 || 100 || 8615 || 0 || trailmaking || 3696 || numbers-letters || 01042026 || 12:38.24 || 12:39.15 || numbers-letters || 0 || 0 || 100 || 50922 || 0 || message || 3696"
"acs-nmcb-4.csv",19,"O_50_message","message",0,
"acs-nmcb-4.csv",19,"O_50_message_break","message-break",0,
"acs-nmcb-4.csv",19,"O_51_questionnaire5","questionnaire",12,"7 || Hoe voelt u zich OP DIT MOMENT: MIJN DENKEN GAAT TRAAG? || 2 || 8 || Hoe voelt u zich OP DIT MOMENT: HELDER VAN GEEST? || 95 || 9 || Hoe voelt u zich OP DIT MOMENT: GEMOTIVEERD? || 100 || 10 || Hoe voelt u zich OP DIT MOMENT: NEERSLACHTIG OF SOMBER? || 0"
"acs-nmcb-4.csv",19,"O_52_questionnaire6","questionnaire",0,
"acs-nmcb-4.csv",19,"O_52_questionnaire_ntli2","questionnaire-ntli",0,
"acs-nmcb-4.csv",20,"O_49_message_break","message-break",27,"0 || trailmaking || 8531 || demo-numbers-letters || 02042026 || 17:22.28 || 17:22.34 || demo-numbers-letters || 0 || 0 || 100 || 6066 || 0 || trailmaking || 8531 || numbers-letters || 02042026 || 17:22.38 || 17:23.20 || numbers-letters || 0 || 0 || 100 || 42294 || 0 || message || 8531"
"acs-nmcb-4.csv",20,"O_50_message","message",0,
"acs-nmcb-4.csv",20,"O_50_message_break","message-break",0,
"acs-nmcb-4.csv",20,"O_51_questionnaire5","questionnaire",12,"7 || Hoe voelt u zich OP DIT MOMENT: MIJN DENKEN GAAT TRAAG? || 66 || 8 || Hoe voelt u zich OP DIT MOMENT: HELDER VAN GEEST? || 11 || 9 || Hoe voelt u zich OP DIT MOMENT: GEMOTIVEERD? || 29 || 10 || Hoe voelt u zich OP DIT MOMENT: NEERSLACHTIG OF SOMBER? || 40"
"acs-nmcb-4.csv",21,"O_49_message_break","message-break",27,"0 || trailmaking || 6786 || demo-numbers-letters || 05042026 || 15:30.00 || 15:30.06 || demo-numbers-letters || 0 || 1 || 100 || 5698 || 0 || trailmaking || 6786 || numbers-letters || 05042026 || 15:30.09 || 15:30.47 || numbers-letters || 1 || 0 || 96.15 || 38897 || 0 || message || 6786"
"acs-nmcb-4.csv",21,"O_50_message","message",0,
"acs-nmcb-4.csv",21,"O_50_message_break","message-break",0,
"acs-nmcb-4.csv",21,"O_51_questionnaire5","questionnaire",12,"7 || Hoe voelt u zich OP DIT MOMENT: MIJN DENKEN GAAT TRAAG? || 0 || 8 || Hoe voelt u zich OP DIT MOMENT: HELDER VAN GEEST? || 100 || 9 || Hoe voelt u zich OP DIT MOMENT: GEMOTIVEERD? || 100 || 10 || Hoe voelt u zich OP DIT MOMENT: NEERSLACHTIG OF SOMBER? || 0"
"acs-nmcb-4.csv",21,"O_52_questionnaire6","questionnaire",0,
"acs-nmcb-4.csv",21,"O_52_questionnaire_ntli2","questionnaire-ntli",0,
"acs-nmcb-4.csv",22,"O_49_message_break","message-break",27,"0 || trailmaking || 6786 || demo-numbers-letters || 09042026 || 14:56.49 || 14:56.57 || demo-numbers-letters || 0 || 0 || 100 || 8134 || 0 || trailmaking || 6786 || numbers-letters || 09042026 || 14:57.01 || 14:57.53 || numbers-letters || 0 || 0 || 100 || 51995 || 0 || message || 6786"
"acs-nmcb-4.csv",22,"O_50_message","message",0,
"acs-nmcb-4.csv",22,"O_50_message_break","message-break",0,
"acs-nmcb-4.csv",22,"O_51_questionnaire5","questionnaire",12,"7 || Hoe voelt u zich OP DIT MOMENT: MIJN DENKEN GAAT TRAAG? || 70 || 8 || Hoe voelt u zich OP DIT MOMENT: HELDER VAN GEEST? || 33 || 9 || Hoe voelt u zich OP DIT MOMENT: GEMOTIVEERD? || 46 || 10 || Hoe voelt u zich OP DIT MOMENT: NEERSLACHTIG OF SOMBER? || 0"
"acs-nmcb-4.csv",22,"O_52_questionnaire6","questionnaire",0,
"acs-nmcb-4.csv",22,"O_52_questionnaire_ntli2","questionnaire-ntli",0,
"acs-nmcb-4.csv",23,"O_49_message_break","message-break",27,"0 || trailmaking || 8998 || demo-numbers-letters || 18042026 || 01:33.47 || 01:33.52 || demo-numbers-letters || 0 || 0 || 100 || 5781 || 0 || trailmaking || 8998 || numbers-letters || 18042026 || 01:33.56 || 01:35.02 || numbers-letters || 1 || 1 || 96.15 || 66191 || 0 || message || 8998"
"acs-nmcb-4.csv",23,"O_50_message","message",0,
"acs-nmcb-4.csv",23,"O_50_message_break","message-break",0,
"acs-nmcb-4.csv",23,"O_51_questionnaire5","questionnaire",12,"7 || Hoe voelt u zich OP DIT MOMENT: MIJN DENKEN GAAT TRAAG? || 90 || 8 || Hoe voelt u zich OP DIT MOMENT: HELDER VAN GEEST? || 4 || 9 || Hoe voelt u zich OP DIT MOMENT: GEMOTIVEERD? || 1 || 10 || Hoe voelt u zich OP DIT MOMENT: NEERSLACHTIG OF SOMBER? || 87"
"acs-nmcb-4.csv",23,"O_52_questionnaire6","questionnaire",0,
"acs-nmcb-4.csv",23,"O_52_questionnaire_ntli2","questionnaire-ntli",0,
"acs-nmcb-4.csv",24,"O_49_message_break","message-break",27,"0 || trailmaking || 7961 || demo-numbers-letters || 15042026 || 15:53.32 || 15:53.41 || demo-numbers-letters || 0 || 0 || 100 || 9779 || 0 || trailmaking || 7961 || numbers-letters || 15042026 || 15:53.46 || 15:55.10 || numbers-letters || 2 || 0 || 92.59 || 83982 || 0 || message || 7961"
"acs-nmcb-4.csv",24,"O_50_message","message",0,
"acs-nmcb-4.csv",24,"O_50_message_break","message-break",0,
"acs-nmcb-4.csv",24,"O_51_questionnaire5","questionnaire",12,"7 || Hoe voelt u zich OP DIT MOMENT: MIJN DENKEN GAAT TRAAG? || 100 || 8 || Hoe voelt u zich OP DIT MOMENT: HELDER VAN GEEST? || 0 || 9 || Hoe voelt u zich OP DIT MOMENT: GEMOTIVEERD? || 67 || 10 || Hoe voelt u zich OP DIT MOMENT: NEERSLACHTIG OF SOMBER? || 50"
"acs-nmcb-4.csv",25,"O_49_message_break","message-break",27,"0 || trailmaking || 6786 || demo-numbers-letters || 16042026 || 17:09.37 || 17:09.43 || demo-numbers-letters || 0 || 0 || 100 || 5763 || 0 || trailmaking || 6786 || numbers-letters || 16042026 || 17:09.47 || 17:10.22 || numbers-letters || 0 || 0 || 100 || 35136 || 0 || message || 6786"
"acs-nmcb-4.csv",25,"O_50_message","message",0,
"acs-nmcb-4.csv",25,"O_50_message_break","message-break",0,
"acs-nmcb-4.csv",25,"O_51_questionnaire5","questionnaire",12,"7 || Hoe voelt u zich OP DIT MOMENT: MIJN DENKEN GAAT TRAAG? || 9 || 8 || Hoe voelt u zich OP DIT MOMENT: HELDER VAN GEEST? || 89 || 9 || Hoe voelt u zich OP DIT MOMENT: GEMOTIVEERD? || 90 || 10 || Hoe voelt u zich OP DIT MOMENT: NEERSLACHTIG OF SOMBER? || 0"
"acs-nmcb-4.csv",25,"O_52_questionnaire6","questionnaire",0,
"acs-nmcb-4.csv",25,"O_52_questionnaire_ntli2","questionnaire-ntli",0,
"acs-nmcb-4.csv",26,"O_49_message_break","message-break",27,"0 || trailmaking || 10061 || demo-numbers-letters || 21042026 || 13:19.33 || 13:19.41 || demo-numbers-letters || 1 || 1 || 88.89 || 7814 || 0 || trailmaking || 10061 || numbers-letters || 21042026 || 13:19.44 || 13:20.19 || numbers-letters || 0 || 1 || 100 || 35007 || 0 || message || 10061"
"acs-nmcb-4.csv",26,"O_50_message","message",0,
"acs-nmcb-4.csv",26,"O_50_message_break","message-break",0,
"acs-nmcb-4.csv",26,"O_51_questionnaire5","questionnaire",12,"7 || Hoe voelt u zich OP DIT MOMENT: MIJN DENKEN GAAT TRAAG? || 68 || 8 || Hoe voelt u zich OP DIT MOMENT: HELDER VAN GEEST? || 19 || 9 || Hoe voelt u zich OP DIT MOMENT: GEMOTIVEERD? || 87 || 10 || Hoe voelt u zich OP DIT MOMENT: NEERSLACHTIG OF SOMBER? || 0"
"acs-nmcb-4.csv",27,"O_49_message_break","message-break",27,"0 || trailmaking || 8998 || demo-numbers-letters || 20042026 || 16:44.23 || 16:44.32 || demo-numbers-letters || 0 || 0 || 100 || 8932 || 0 || trailmaking || 8998 || numbers-letters || 20042026 || 16:44.38 || 16:45.56 || numbers-letters || 0 || 0 || 100 || 78450 || 0 || message || 8998"
"acs-nmcb-4.csv",27,"O_50_message","message",0,
"acs-nmcb-4.csv",27,"O_50_message_break","message-break",0,
"acs-nmcb-4.csv",27,"O_51_questionnaire5","questionnaire",12,"7 || Hoe voelt u zich OP DIT MOMENT: MIJN DENKEN GAAT TRAAG? || 60 || 8 || Hoe voelt u zich OP DIT MOMENT: HELDER VAN GEEST? || 43 || 9 || Hoe voelt u zich OP DIT MOMENT: GEMOTIVEERD? || 100 || 10 || Hoe voelt u zich OP DIT MOMENT: NEERSLACHTIG OF SOMBER? || 0"
"acs-nmcb-4.csv",28,"O_49_message_break","message-break",27,"0 || trailmaking || 10469 || demo-numbers-letters || 25042026 || 15:28.28 || 15:28.34 || demo-numbers-letters || 0 || 1 || 100 || 5828 || 0 || trailmaking || 10469 || numbers-letters || 25042026 || 15:28.37 || 15:29.17 || numbers-letters || 0 || 1 || 100 || 39676 || 0 || message || 10469"
"acs-nmcb-4.csv",28,"O_50_message","message",0,
"acs-nmcb-4.csv",28,"O_50_message_break","message-break",0,
"acs-nmcb-4.csv",28,"O_51_questionnaire5","questionnaire",12,"7 || Hoe voelt u zich OP DIT MOMENT: MIJN DENKEN GAAT TRAAG? || 94 || 8 || Hoe voelt u zich OP DIT MOMENT: HELDER VAN GEEST? || 0 || 9 || Hoe voelt u zich OP DIT MOMENT: GEMOTIVEERD? || 59 || 10 || Hoe voelt u zich OP DIT MOMENT: NEERSLACHTIG OF SOMBER? || 0"
"acs-nmcb-4.csv",28,"O_52_questionnaire6","questionnaire",0,
"acs-nmcb-4.csv",28,"O_52_questionnaire_ntli2","questionnaire-ntli",0,
"acs-nmcb-4.csv",29,"O_49_message_break","message-break",27,"0 || trailmaking || 7020 || demo-numbers-letters || 30042026 || 17:43.29 || 17:43.36 || demo-numbers-letters || 1 || 0 || 88.89 || 6718 || 0 || trailmaking || 7020 || numbers-letters || 30042026 || 17:43.39 || 17:44.09 || numbers-letters || 0 || 0 || 100 || 29675 || 0 || message || 7020"
"acs-nmcb-4.csv",29,"O_50_message","message",0,
"acs-nmcb-4.csv",29,"O_50_message_break","message-break",0,
"acs-nmcb-4.csv",29,"O_51_questionnaire5","questionnaire",12,"7 || Hoe voelt u zich OP DIT MOMENT: MIJN DENKEN GAAT TRAAG? || 50 || 8 || Hoe voelt u zich OP DIT MOMENT: HELDER VAN GEEST? || 49 || 9 || Hoe voelt u zich OP DIT MOMENT: GEMOTIVEERD? || 68 || 10 || Hoe voelt u zich OP DIT MOMENT: NEERSLACHTIG OF SOMBER? || 0"
"acs-nmcb-4.csv",29,"O_52_questionnaire6","questionnaire",0,
"acs-nmcb-4.csv",29,"O_52_questionnaire_ntli2","questionnaire-ntli",0,
"acs-nmcb-5.csv",1,"O_28_DIGITS_FW","forward",11,"forward-demo || 18012026 || 17:17.43 || 17:18.11 || 27977 || 3 || 3 || 2 || 0 || digitspan || 3616"
"acs-nmcb-5.csv",1,"O_49_message_break","message-break",12,"rt || 3616 || reactiontime || 19012026 || 18:27.14 || 18:29.25 || 130804 || 233.7 || 0 || 31.3 || message || 3616"
"acs-nmcb-5.csv",1,"O_50_message","message",0,
"acs-nmcb-5.csv",1,"O_50_message_break","message-break",0,
"acs-nmcb-5.csv",1,"O_51_questionnaire5","questionnaire",1,"0"
"acs-nmcb-5.csv",2,"O_49_message_break","message-break",1,"3974"
"acs-nmcb-5.csv",2,"O_50_message","message",0,
"acs-nmcb-5.csv",2,"O_50_message_break","message-break",0,
"acs-nmcb-5.csv",2,"O_51_questionnaire5","questionnaire",1,"0"
"acs-nmcb-5.csv",3,"O_49_message_break","message-break",1,"3775"
"acs-nmcb-5.csv",3,"O_50_message","message",0,
"acs-nmcb-5.csv",3,"O_50_message_break","message-break",0,
"acs-nmcb-5.csv",3,"O_51_questionnaire5","questionnaire",1,"0"
"acs-nmcb-5.csv",4,"O_49_message_break","message-break",1,"3696"
"acs-nmcb-5.csv",4,"O_50_message","message",0,
"acs-nmcb-5.csv",4,"O_50_message_break","message-break",0,
"acs-nmcb-5.csv",4,"O_51_questionnaire5","questionnaire",1,"0"
"acs-nmcb-5.csv",5,"O_49_message_break","message-break",1,"3894"
"acs-nmcb-5.csv",5,"O_50_message","message",0,
"acs-nmcb-5.csv",5,"O_50_message_break","message-break",0,
"acs-nmcb-5.csv",5,"O_51_questionnaire5","questionnaire",1,"0"
"acs-nmcb-5.csv",6,"O_49_message_break","message-break",1,"4278"
"acs-nmcb-5.csv",6,"O_50_message","message",0,
"acs-nmcb-5.csv",6,"O_50_message_break","message-break",0,
"acs-nmcb-5.csv",6,"O_51_questionnaire5","questionnaire",1,"0"
"acs-nmcb-5.csv",7,"O_49_message_break","message-break",1,"3696"
"acs-nmcb-5.csv",7,"O_50_message","message",0,
"acs-nmcb-5.csv",7,"O_50_message_break","message-break",0,
"acs-nmcb-5.csv",7,"O_51_questionnaire5","questionnaire",1,"0"
"acs-nmcb-5.csv",8,"O_49_message_break","message-break",1,"3620"
"acs-nmcb-5.csv",8,"O_50_message","message",0,
"acs-nmcb-5.csv",8,"O_50_message_break","message-break",0,
"acs-nmcb-5.csv",8,"O_51_questionnaire5","questionnaire",1,"0"
"acs-nmcb-5.csv",9,"O_49_message_break","message-break",1,"4686"
"acs-nmcb-5.csv",9,"O_50_message","message",0,
"acs-nmcb-5.csv",9,"O_50_message_break","message-break",0,
"acs-nmcb-5.csv",9,"O_51_questionnaire5","questionnaire",1,"0"
"acs-nmcb-5.csv",10,"O_49_message_break","message-break",1,"4846"
"acs-nmcb-5.csv",10,"O_50_message","message",0,
"acs-nmcb-5.csv",10,"O_50_message_break","message-break",0,
"acs-nmcb-5.csv",10,"O_51_questionnaire5","questionnaire",1,"0"
"acs-nmcb-5.csv",11,"O_49_message_break","message-break",1,"4686"
"acs-nmcb-5.csv",11,"O_50_message","message",0,
"acs-nmcb-5.csv",11,"O_50_message_break","message-break",0,
"acs-nmcb-5.csv",11,"O_51_questionnaire5","questionnaire",1,"0"
"acs-nmcb-5.csv",12,"O_49_message_break","message-break",1,"3775"
"acs-nmcb-5.csv",12,"O_50_message","message",0,
"acs-nmcb-5.csv",12,"O_50_message_break","message-break",0,
"acs-nmcb-5.csv",12,"O_51_questionnaire5","questionnaire",1,"0"
"acs-nmcb-5.csv",13,"O_49_message_break","message-break",1,"4890"
"acs-nmcb-5.csv",13,"O_50_message","message",0,
"acs-nmcb-5.csv",13,"O_50_message_break","message-break",0,
"acs-nmcb-5.csv",13,"O_51_questionnaire5","questionnaire",1,"0"
"acs-nmcb-5.csv",14,"O_49_message_break","message-break",1,"4317"
"acs-nmcb-5.csv",14,"O_50_message","message",0,
"acs-nmcb-5.csv",14,"O_50_message_break","message-break",0,
"acs-nmcb-5.csv",14,"O_51_questionnaire5","questionnaire",1,"0"
"acs-nmcb-5.csv",15,"O_49_message_break","message-break",1,"4846"
"acs-nmcb-5.csv",15,"O_50_message","message",0,
"acs-nmcb-5.csv",15,"O_50_message_break","message-break",0,
"acs-nmcb-5.csv",15,"O_51_questionnaire5","questionnaire",1,"0"
"acs-nmcb-5.csv",16,"O_49_message_break","message-break",1,"3735"
"acs-nmcb-5.csv",16,"O_50_message","message",0,
"acs-nmcb-5.csv",16,"O_50_message_break","message-break",0,
"acs-nmcb-5.csv",16,"O_51_questionnaire5","questionnaire",1,"0"
"acs-nmcb-5.csv",17,"O_49_message_break","message-break",1,"6493"
"acs-nmcb-5.csv",17,"O_50_message","message",0,
"acs-nmcb-5.csv",17,"O_50_message_break","message-break",0,
"acs-nmcb-5.csv",17,"O_51_questionnaire5","questionnaire",1,"0"
"acs-nmcb-5.csv",18,"O_49_message_break","message-break",1,"3894"
"acs-nmcb-5.csv",18,"O_50_message","message",0,
"acs-nmcb-5.csv",18,"O_50_message_break","message-break",0,
"acs-nmcb-5.csv",18,"O_51_questionnaire5","questionnaire",1,"0"
"acs-nmcb-5.csv",19,"O_49_message_break","message-break",1,"7158"
"acs-nmcb-5.csv",19,"O_50_message","message",0,
"acs-nmcb-5.csv",19,"O_50_message_break","message-break",0,
"acs-nmcb-5.csv",19,"O_51_questionnaire5","questionnaire",1,"0"
"acs-nmcb-5.csv",20,"O_49_message_break","message-break",1,"7020"
"acs-nmcb-5.csv",20,"O_50_message","message",0,
"acs-nmcb-5.csv",20,"O_50_message_break","message-break",0,
"acs-nmcb-5.csv",20,"O_51_questionnaire5","questionnaire",1,"0"
"acs-nmcb-5.csv",21,"O_49_message_break","message-break",1,"4686"
"acs-nmcb-5.csv",21,"O_50_message","message",0,
"acs-nmcb-5.csv",21,"O_50_message_break","message-break",0,
"acs-nmcb-5.csv",21,"O_51_questionnaire5","questionnaire",1,"0"
"acs-nmcb-5.csv",22,"O_49_message_break","message-break",1,"5081"
"acs-nmcb-5.csv",22,"O_50_message","message",0,
"acs-nmcb-5.csv",22,"O_50_message_break","message-break",0,
"acs-nmcb-5.csv",22,"O_51_questionnaire5","questionnaire",1,"0"
"acs-nmcb-5.csv",23,"O_49_message_break","message-break",1,"8164"
"acs-nmcb-5.csv",23,"O_50_message","message",0,
"acs-nmcb-5.csv",23,"O_50_message_break","message-break",0,
"acs-nmcb-5.csv",23,"O_51_questionnaire5","questionnaire",1,"0"
"acs-nmcb-5.csv",24,"O_49_message_break","message-break",1,"4686"
"acs-nmcb-5.csv",24,"O_50_message","message",0,
"acs-nmcb-5.csv",24,"O_50_message_break","message-break",0,
"acs-nmcb-5.csv",24,"O_51_questionnaire5","questionnaire",1,"0"
"acs-nmcb-5.csv",25,"O_49_message_break","message-break",1,"8998"
"acs-nmcb-5.csv",25,"O_50_message","message",0,
"acs-nmcb-5.csv",25,"O_50_message_break","message-break",0,
"acs-nmcb-5.csv",25,"O_51_questionnaire5","questionnaire",1,"0"
"acs-nmcb-5.csv",26,"O_49_message_break","message-break",1,"7961"
"acs-nmcb-5.csv",26,"O_50_message","message",0,
"acs-nmcb-5.csv",26,"O_50_message_break","message-break",0,
"acs-nmcb-5.csv",26,"O_51_questionnaire5","questionnaire",1,"0"
"acs-nmcb-5.csv",27,"O_49_message_break","message-break",1,"6786"
"acs-nmcb-5.csv",27,"O_50_message","message",0,
"acs-nmcb-5.csv",27,"O_50_message_break","message-break",0,
"acs-nmcb-5.csv",27,"O_51_questionnaire5","questionnaire",1,"0"
"acs-nmcb-5.csv",28,"O_49_message_break","message-break",1,"6864"
"acs-nmcb-5.csv",28,"O_50_message","message",0,
"acs-nmcb-5.csv",28,"O_50_message_break","message-break",0,
"acs-nmcb-5.csv",28,"O_51_questionnaire5","questionnaire",1,"0"
"acs-nmcb-5.csv",29,"O_49_message_break","message-break",1,"7020"
"acs-nmcb-5.csv",29,"O_50_message","message",0,
"acs-nmcb-5.csv",29,"O_50_message_break","message-break",0,
"acs-nmcb-5.csv",29,"O_51_questionnaire5","questionnaire",1,"0"
"acs-nmcb-5.csv",30,"O_49_message_break","message-break",1,"4846"
"acs-nmcb-5.csv",30,"O_50_message","message",0,
"acs-nmcb-5.csv",30,"O_50_message_break","message-break",0,
"acs-nmcb-5.csv",30,"O_51_questionnaire5","questionnaire",1,"0"
"acs-nmcb-5.csv",31,"O_49_message_break","message-break",1,"8998"
"acs-nmcb-5.csv",31,"O_50_message","message",0,
"acs-nmcb-5.csv",31,"O_50_message_break","message-break",0,
"acs-nmcb-5.csv",31,"O_51_questionnaire5","questionnaire",1,"0"
"acs-nmcb-5.csv",32,"O_49_message_break","message-break",1,"9497"
"acs-nmcb-5.csv",32,"O_50_message","message",0,
"acs-nmcb-5.csv",32,"O_50_message_break","message-break",0,
"acs-nmcb-5.csv",32,"O_51_questionnaire5","questionnaire",1,"0"
"acs-nmcb-6.csv",1,"O_49_message_break","message-break",29,"100 || 39870 || 0 || trailmaking || 3620 || demo-numbers-letters || 17012026 || 14:46.28 || 14:46.43 || demo-numbers-letters || 0 || 0 || 100 || 14514 || 0 || trailmaking || 3620 || numbers-letters || 17012026 || 14:46.48 || 14:47.49 || numbers-letters || 0 || 1 || 100 || 61444 || 0 || message || 3620"
"acs-nmcb-6.csv",1,"O_50_message","message",0,
"acs-nmcb-6.csv",1,"O_50_message_break","message-break",0,
"acs-nmcb-6.csv",1,"O_51_questionnaire5","questionnaire",10,"62 || 8 || Hoe voelt u zich OP DIT MOMENT: HELDER VAN GEEST? || 41 || 9 || Hoe voelt u zich OP DIT MOMENT: GEMOTIVEERD? || 90 || 10 || Hoe voelt u zich OP DIT MOMENT: NEERSLACHTIG OF SOMBER? || 0"
"acs-nmcb-6.csv",1,"O_52_questionnaire6","questionnaire",0,
"acs-nmcb-6.csv",1,"O_52_questionnaire_ntli2","questionnaire-ntli",0,
"acs-nmcb-6.csv",2,"O_49_message_break","message-break",29,"100 || 27824 || 0 || trailmaking || 4239 || demo-numbers-letters || 02022026 || 19:09.01 || 19:09.08 || demo-numbers-letters || 0 || 0 || 100 || 6971 || 0 || trailmaking || 4239 || numbers-letters || 02022026 || 19:09.14 || 19:10.13 || numbers-letters || 0 || 0 || 100 || 58495 || 0 || message || 4239"
"acs-nmcb-6.csv",2,"O_50_message","message",0,
"acs-nmcb-6.csv",2,"O_50_message_break","message-break",0,
"acs-nmcb-6.csv",2,"O_51_questionnaire5","questionnaire",10,"75 || 8 || Hoe voelt u zich OP DIT MOMENT: HELDER VAN GEEST? || 4 || 9 || Hoe voelt u zich OP DIT MOMENT: GEMOTIVEERD? || 85 || 10 || Hoe voelt u zich OP DIT MOMENT: NEERSLACHTIG OF SOMBER? || 9"
"acs-nmcb-6.csv",2,"O_52_questionnaire6","questionnaire",0,
"acs-nmcb-6.csv",2,"O_52_questionnaire_ntli2","questionnaire-ntli",0,
"acs-nmcb-6.csv",3,"O_49_message_break","message-break",29,"100 || 34073 || 0 || trailmaking || 4317 || demo-numbers-letters || 03022026 || 17:11.31 || 17:11.38 || demo-numbers-letters || 0 || 0 || 100 || 7128 || 0 || trailmaking || 4317 || numbers-letters || 03022026 || 17:11.42 || 17:12.31 || numbers-letters || 0 || 0 || 100 || 49584 || 0 || message || 4317"
"acs-nmcb-6.csv",3,"O_50_message","message",0,
"acs-nmcb-6.csv",3,"O_50_message_break","message-break",0,
"acs-nmcb-6.csv",3,"O_51_questionnaire5","questionnaire",10,"59 || 8 || Hoe voelt u zich OP DIT MOMENT: HELDER VAN GEEST? || 62 || 9 || Hoe voelt u zich OP DIT MOMENT: GEMOTIVEERD? || 88 || 10 || Hoe voelt u zich OP DIT MOMENT: NEERSLACHTIG OF SOMBER? || 50"
"acs-nmcb-6.csv",3,"O_52_questionnaire6","questionnaire",0,
"acs-nmcb-6.csv",3,"O_52_questionnaire_ntli2","questionnaire-ntli",0,
"acs-nmcb-6.csv",4,"O_49_message_break","message-break",29,"100 || 42698 || 0 || trailmaking || 4890 || demo-numbers-letters || 17022026 || 16:15.17 || 16:15.26 || demo-numbers-letters || 0 || 0 || 100 || 9521 || 0 || trailmaking || 4890 || numbers-letters || 17022026 || 16:15.30 || 16:16.49 || numbers-letters || 2 || 0 || 92.59 || 79109 || 0 || message || 4890"
"acs-nmcb-6.csv",4,"O_50_message","message",0,
"acs-nmcb-6.csv",4,"O_50_message_break","message-break",0,
"acs-nmcb-6.csv",4,"O_51_questionnaire5","questionnaire",10,"0 || 8 || Hoe voelt u zich OP DIT MOMENT: HELDER VAN GEEST? || 100 || 9 || Hoe voelt u zich OP DIT MOMENT: GEMOTIVEERD? || 100 || 10 || Hoe voelt u zich OP DIT MOMENT: NEERSLACHTIG OF SOMBER? || 0"
"acs-nmcb-6.csv",5,"O_49_message_break","message-break",29,"100 || 27893 || 0 || trailmaking || 3696 || demo-numbers-letters || 15022026 || 20:02.23 || 20:02.29 || demo-numbers-letters || 0 || 0 || 100 || 5961 || 0 || trailmaking || 3696 || numbers-letters || 15022026 || 20:02.33 || 20:03.18 || numbers-letters || 0 || 0 || 100 || 44564 || 0 || message || 3696"
"acs-nmcb-6.csv",5,"O_50_message","message",0,
"acs-nmcb-6.csv",5,"O_50_message_break","message-break",0,
"acs-nmcb-6.csv",5,"O_51_questionnaire5","questionnaire",10,"0 || 8 || Hoe voelt u zich OP DIT MOMENT: HELDER VAN GEEST? || 56 || 9 || Hoe voelt u zich OP DIT MOMENT: GEMOTIVEERD? || 69 || 10 || Hoe voelt u zich OP DIT MOMENT: NEERSLACHTIG OF SOMBER? || 0"
"acs-nmcb-6.csv",6,"O_49_message_break","message-break",29,"96.15 || 40887 || 0 || trailmaking || 4998 || demo-numbers-letters || 17022026 || 19:29.16 || 19:29.25 || demo-numbers-letters || 0 || 0 || 100 || 8950 || 0 || trailmaking || 4998 || numbers-letters || 17022026 || 19:29.30 || 19:30.16 || numbers-letters || 0 || 0 || 100 || 46516 || 0 || message || 4998"
"acs-nmcb-6.csv",6,"O_50_message","message",0,
"acs-nmcb-6.csv",6,"O_50_message_break","message-break",0,
"acs-nmcb-6.csv",6,"O_51_questionnaire5","questionnaire",10,"42 || 8 || Hoe voelt u zich OP DIT MOMENT: HELDER VAN GEEST? || 44 || 9 || Hoe voelt u zich OP DIT MOMENT: GEMOTIVEERD? || 61 || 10 || Hoe voelt u zich OP DIT MOMENT: NEERSLACHTIG OF SOMBER? || 0"
"acs-nmcb-6.csv",6,"O_52_questionnaire6","questionnaire",0,
"acs-nmcb-6.csv",6,"O_52_questionnaire_ntli2","questionnaire-ntli",0,
"acs-nmcb-6.csv",7,"O_49_message_break","message-break",29,"100 || 42980 || 0 || trailmaking || 3620 || demo-numbers-letters || 23022026 || 15:12.31 || 15:12.41 || demo-numbers-letters || 0 || 0 || 100 || 10274 || 0 || trailmaking || 3620 || numbers-letters || 23022026 || 15:12.46 || 15:13.47 || numbers-letters || 0 || 0 || 100 || 61478 || 0 || message || 3620"
"acs-nmcb-6.csv",7,"O_50_message","message",0,
"acs-nmcb-6.csv",7,"O_50_message_break","message-break",0,
"acs-nmcb-6.csv",7,"O_51_questionnaire5","questionnaire",10,"75 || 8 || Hoe voelt u zich OP DIT MOMENT: HELDER VAN GEEST? || 32 || 9 || Hoe voelt u zich OP DIT MOMENT: GEMOTIVEERD? || 50 || 10 || Hoe voelt u zich OP DIT MOMENT: NEERSLACHTIG OF SOMBER? || 74"
"acs-nmcb-6.csv",7,"O_52_questionnaire6","questionnaire",0,
"acs-nmcb-6.csv",7,"O_52_questionnaire_ntli2","questionnaire-ntli",0,
"acs-nmcb-6.csv",9,"O_49_message_break","message-break",29,"100 || 18963 || 0 || trailmaking || 4686 || demo-numbers-letters || 27022026 || 14:55.47 || 14:55.51 || demo-numbers-letters || 0 || 0 || 100 || 4315 || 0 || trailmaking || 4686 || numbers-letters || 27022026 || 14:55.54 || 14:56.34 || numbers-letters || 0 || 0 || 100 || 39782 || 0 || message || 4686"
"acs-nmcb-6.csv",9,"O_50_message","message",0,
"acs-nmcb-6.csv",9,"O_50_message_break","message-break",0,
"acs-nmcb-6.csv",9,"O_51_questionnaire5","questionnaire",10,"33 || 8 || Hoe voelt u zich OP DIT MOMENT: HELDER VAN GEEST? || 68 || 9 || Hoe voelt u zich OP DIT MOMENT: GEMOTIVEERD? || 89 || 10 || Hoe voelt u zich OP DIT MOMENT: NEERSLACHTIG OF SOMBER? || 0"
"acs-nmcb-6.csv",9,"O_52_questionnaire6","questionnaire",0,
"acs-nmcb-6.csv",9,"O_52_questionnaire_ntli2","questionnaire-ntli",0,
"acs-nmcb-6.csv",10,"O_49_message_break","message-break",29,"100 || 33429 || 0 || trailmaking || 4890 || demo-numbers-letters || 06032026 || 13:09.42 || 13:09.54 || demo-numbers-letters || 0 || 0 || 100 || 11305 || 0 || trailmaking || 4890 || numbers-letters || 06032026 || 13:10.00 || 13:10.46 || numbers-letters || 0 || 0 || 100 || 46008 || 0 || message || 4890"
"acs-nmcb-6.csv",10,"O_50_message","message",0,
"acs-nmcb-6.csv",10,"O_50_message_break","message-break",0,
"acs-nmcb-6.csv",10,"O_51_questionnaire5","questionnaire",10,"6 || 8 || Hoe voelt u zich OP DIT MOMENT: HELDER VAN GEEST? || 93 || 9 || Hoe voelt u zich OP DIT MOMENT: GEMOTIVEERD? || 46 || 10 || Hoe voelt u zich OP DIT MOMENT: NEERSLACHTIG OF SOMBER? || 0"
"acs-nmcb-6.csv",10,"O_52_questionnaire6","questionnaire",0,
"acs-nmcb-6.csv",10,"O_52_questionnaire_ntli2","questionnaire-ntli",0,
"acs-nmcb-6.csv",11,"O_49_message_break","message-break",41,"100 || 29744 || 0 || trailmaking || 4686 || demo-numbers-letters || 04032026 || 21:39.39 || 21:39.46 || demo-numbers-letters || 0 || 0 || 100 || 7506 || 0 || trailmaking || 4686 || demo-numbers-letters || 04032026 || 21:42.10 || 21:42.17 || demo-numbers-letters || 0 || 0 || 100 || 6454 || 0 || trailmaking || 4686 || numbers-letters || 04032026 || 21:42.20 || 21:43.03 || numbers-letters || 0 || 0 || 100 || 42564 || 0 || message || 4686"
"acs-nmcb-6.csv",11,"O_50_message","message",0,
"acs-nmcb-6.csv",11,"O_50_message_break","message-break",0,
"acs-nmcb-6.csv",11,"O_51_questionnaire5","questionnaire",10,"11 || 8 || Hoe voelt u zich OP DIT MOMENT: HELDER VAN GEEST? || 10 || 9 || Hoe voelt u zich OP DIT MOMENT: GEMOTIVEERD? || 50 || 10 || Hoe voelt u zich OP DIT MOMENT: NEERSLACHTIG OF SOMBER? || 44"
"acs-nmcb-6.csv",11,"O_52_questionnaire6","questionnaire",0,
"acs-nmcb-6.csv",11,"O_52_questionnaire_ntli2","questionnaire-ntli",0,
"acs-nmcb-6.csv",12,"O_49_message_break","message-break",29,"100 || 35531 || 0 || trailmaking || 4890 || demo-numbers-letters || 06032026 || 15:11.38 || 15:11.46 || demo-numbers-letters || 0 || 0 || 100 || 7459 || 0 || trailmaking || 4890 || numbers-letters || 06032026 || 15:11.49 || 15:12.45 || numbers-letters || 0 || 0 || 100 || 55519 || 0 || message || 4890"
"acs-nmcb-6.csv",12,"O_50_message","message",0,
"acs-nmcb-6.csv",12,"O_50_message_break","message-break",0,
"acs-nmcb-6.csv",12,"O_51_questionnaire5","questionnaire",10,"71 || 8 || Hoe voelt u zich OP DIT MOMENT: HELDER VAN GEEST? || 12 || 9 || Hoe voelt u zich OP DIT MOMENT: GEMOTIVEERD? || 9 || 10 || Hoe voelt u zich OP DIT MOMENT: NEERSLACHTIG OF SOMBER? || 68"
"acs-nmcb-6.csv",12,"O_52_questionnaire6","questionnaire",0,
"acs-nmcb-6.csv",12,"O_52_questionnaire_ntli2","questionnaire-ntli",0,
"acs-nmcb-6.csv",13,"O_49_message_break","message-break",29,"100 || 26534 || 0 || trailmaking || 4890 || demo-numbers-letters || 13032026 || 11:37.58 || 11:38.05 || demo-numbers-letters || 0 || 0 || 100 || 7151 || 0 || trailmaking || 4890 || numbers-letters || 13032026 || 11:38.08 || 11:38.51 || numbers-letters || 0 || 0 || 100 || 42943 || 0 || message || 4890"
"acs-nmcb-6.csv",13,"O_50_message","message",0,
"acs-nmcb-6.csv",13,"O_50_message_break","message-break",0,
"acs-nmcb-6.csv",13,"O_51_questionnaire5","questionnaire",10,"69 || 8 || Hoe voelt u zich OP DIT MOMENT: HELDER VAN GEEST? || 29 || 9 || Hoe voelt u zich OP DIT MOMENT: GEMOTIVEERD? || 38 || 10 || Hoe voelt u zich OP DIT MOMENT: NEERSLACHTIG OF SOMBER? || 6"
"acs-nmcb-6.csv",13,"O_52_questionnaire6","questionnaire",0,
"acs-nmcb-6.csv",13,"O_52_questionnaire_ntli2","questionnaire-ntli",0,
"acs-nmcb-6.csv",14,"O_49_message_break","message-break",29,"100 || 24374 || 0 || trailmaking || 4686 || demo-numbers-letters || 18032026 || 13:50.36 || 13:50.41 || demo-numbers-letters || 0 || 0 || 100 || 4924 || 0 || trailmaking || 4686 || numbers-letters || 18032026 || 13:50.44 || 13:51.17 || numbers-letters || 0 || 2 || 100 || 32396 || 0 || message || 4686"
"acs-nmcb-6.csv",14,"O_50_message","message",0,
"acs-nmcb-6.csv",14,"O_50_message_break","message-break",0,
"acs-nmcb-6.csv",14,"O_51_questionnaire5","questionnaire",10,"2 || 8 || Hoe voelt u zich OP DIT MOMENT: HELDER VAN GEEST? || 99 || 9 || Hoe voelt u zich OP DIT MOMENT: GEMOTIVEERD? || 99 || 10 || Hoe voelt u zich OP DIT MOMENT: NEERSLACHTIG OF SOMBER? || 0"
"acs-nmcb-6.csv",14,"O_52_questionnaire6","questionnaire",0,
"acs-nmcb-6.csv",14,"O_52_questionnaire_ntli2","questionnaire-ntli",0,
"acs-nmcb-6.csv",15,"O_49_message_break","message-break",29,"100 || 25273 || 0 || trailmaking || 4686 || demo-numbers-letters || 14032026 || 15:07.57 || 15:08.03 || demo-numbers-letters || 0 || 0 || 100 || 6532 || 0 || trailmaking || 4686 || numbers-letters || 14032026 || 15:08.07 || 15:08.51 || numbers-letters || 0 || 0 || 100 || 43684 || 0 || message || 4686"
"acs-nmcb-6.csv",15,"O_50_message","message",0,
"acs-nmcb-6.csv",15,"O_50_message_break","message-break",0,
"acs-nmcb-6.csv",15,"O_51_questionnaire5","questionnaire",10,"41 || 8 || Hoe voelt u zich OP DIT MOMENT: HELDER VAN GEEST? || 49 || 9 || Hoe voelt u zich OP DIT MOMENT: GEMOTIVEERD? || 59 || 10 || Hoe voelt u zich OP DIT MOMENT: NEERSLACHTIG OF SOMBER? || 0"
"acs-nmcb-6.csv",15,"O_52_questionnaire6","questionnaire",0,
"acs-nmcb-6.csv",15,"O_52_questionnaire_ntli2","questionnaire-ntli",0,
"acs-nmcb-6.csv",16,"O_49_message_break","message-break",29,"100 || 27919 || 0 || trailmaking || 7020 || demo-numbers-letters || 24032026 || 12:54.00 || 12:54.11 || demo-numbers-letters || 1 || 0 || 88.89 || 10750 || 0 || trailmaking || 7020 || numbers-letters || 24032026 || 12:54.14 || 12:54.51 || numbers-letters || 0 || 0 || 100 || 36736 || 0 || message || 7020"
"acs-nmcb-6.csv",16,"O_50_message","message",0,
"acs-nmcb-6.csv",16,"O_50_message_break","message-break",0,
"acs-nmcb-6.csv",16,"O_51_questionnaire5","questionnaire",10,"11 || 8 || Hoe voelt u zich OP DIT MOMENT: HELDER VAN GEEST? || 76 || 9 || Hoe voelt u zich OP DIT MOMENT: GEMOTIVEERD? || 94 || 10 || Hoe voelt u zich OP DIT MOMENT: NEERSLACHTIG OF SOMBER? || 0"
"acs-nmcb-6.csv",16,"O_52_questionnaire6","questionnaire",0,
"acs-nmcb-6.csv",16,"O_52_questionnaire_ntli2","questionnaire-ntli",0,
"acs-nmcb-6.csv",17,"O_49_message_break","message-break",29,"100 || 37747 || 0 || trailmaking || 5723 || demo-numbers-letters || 26032026 || 16:29.58 || 16:30.13 || demo-numbers-letters || 0 || 0 || 100 || 14777 || 0 || trailmaking || 5723 || numbers-letters || 26032026 || 16:30.20 || 16:31.11 || numbers-letters || 0 || 0 || 100 || 50296 || 0 || message || 5723"
"acs-nmcb-6.csv",17,"O_50_message","message",0,
"acs-nmcb-6.csv",17,"O_50_message_break","message-break",0,
"acs-nmcb-6.csv",17,"O_51_questionnaire5","questionnaire",10,"90 || 8 || Hoe voelt u zich OP DIT MOMENT: HELDER VAN GEEST? || 2 || 9 || Hoe voelt u zich OP DIT MOMENT: GEMOTIVEERD? || 97 || 10 || Hoe voelt u zich OP DIT MOMENT: NEERSLACHTIG OF SOMBER? || 0"
"acs-nmcb-6.csv",18,"O_49_message_break","message-break",29,"100 || 25884 || 0 || trailmaking || 6786 || demo-numbers-letters || 05042026 || 10:49.41 || 10:49.47 || demo-numbers-letters || 0 || 0 || 100 || 6480 || 0 || trailmaking || 6786 || numbers-letters || 05042026 || 10:49.50 || 10:50.35 || numbers-letters || 0 || 0 || 100 || 44731 || 0 || message || 6786"
"acs-nmcb-6.csv",18,"O_50_message","message",0,
"acs-nmcb-6.csv",18,"O_50_message_break","message-break",0,
"acs-nmcb-6.csv",18,"O_51_questionnaire5","questionnaire",10,"83 || 8 || Hoe voelt u zich OP DIT MOMENT: HELDER VAN GEEST? || 31 || 9 || Hoe voelt u zich OP DIT MOMENT: GEMOTIVEERD? || 25 || 10 || Hoe voelt u zich OP DIT MOMENT: NEERSLACHTIG OF SOMBER? || 62"
"acs-nmcb-6.csv",18,"O_52_questionnaire6","questionnaire",0,
"acs-nmcb-6.csv",18,"O_52_questionnaire_ntli2","questionnaire-ntli",0,
"acs-nmcb-6.csv",19,"O_49_message_break","message-break",29,"100 || 35779 || 0 || trailmaking || 6786 || demo-numbers-letters || 03042026 || 14:32.31 || 14:32.35 || demo-numbers-letters || 0 || 0 || 100 || 4492 || 0 || trailmaking || 6786 || numbers-letters || 03042026 || 14:32.39 || 14:33.31 || numbers-letters || 0 || 4 || 100 || 52315 || 0 || message || 6786"
"acs-nmcb-6.csv",19,"O_50_message","message",0,
"acs-nmcb-6.csv",19,"O_50_message_break","message-break",0,
"acs-nmcb-6.csv",19,"O_51_questionnaire5","questionnaire",10,"84 || 8 || Hoe voelt u zich OP DIT MOMENT: HELDER VAN GEEST? || 64 || 9 || Hoe voelt u zich OP DIT MOMENT: GEMOTIVEERD? || 77 || 10 || Hoe voelt u zich OP DIT MOMENT: NEERSLACHTIG OF SOMBER? || 76"
"acs-nmcb-6.csv",20,"O_49_message_break","message-break",29,"96.15 || 24554 || 0 || trailmaking || 8531 || demo-numbers-letters || 02042026 || 13:12.02 || 13:12.13 || demo-numbers-letters || 1 || 0 || 88.89 || 10486 || 0 || trailmaking || 8531 || numbers-letters || 02042026 || 13:12.16 || 13:13.22 || numbers-letters || 2 || 0 || 92.59 || 66320 || 0 || message || 8531"
"acs-nmcb-6.csv",20,"O_50_message","message",0,
"acs-nmcb-6.csv",20,"O_50_message_break","message-break",0,
"acs-nmcb-6.csv",20,"O_51_questionnaire5","questionnaire",10,"50 || 8 || Hoe voelt u zich OP DIT MOMENT: HELDER VAN GEEST? || 50 || 9 || Hoe voelt u zich OP DIT MOMENT: GEMOTIVEERD? || 50 || 10 || Hoe voelt u zich OP DIT MOMENT: NEERSLACHTIG OF SOMBER? || 69"
"acs-nmcb-6.csv",20,"O_52_questionnaire6","questionnaire",0,
"acs-nmcb-6.csv",20,"O_52_questionnaire_ntli2","questionnaire-ntli",0,
"acs-nmcb-6.csv",21,"O_49_message_break","message-break",29,"100 || 22037 || 0 || trailmaking || 7961 || demo-numbers-letters || 09042026 || 09:41.53 || 09:41.59 || demo-numbers-letters || 0 || 0 || 100 || 5732 || 0 || trailmaking || 7961 || numbers-letters || 09042026 || 09:42.02 || 09:42.42 || numbers-letters || 0 || 0 || 100 || 40387 || 0 || message || 7961"
"acs-nmcb-6.csv",21,"O_50_message","message",0,
"acs-nmcb-6.csv",21,"O_50_message_break","message-break",0,
"acs-nmcb-6.csv",21,"O_51_questionnaire5","questionnaire",10,"58 || 8 || Hoe voelt u zich OP DIT MOMENT: HELDER VAN GEEST? || 75 || 9 || Hoe voelt u zich OP DIT MOMENT: GEMOTIVEERD? || 68 || 10 || Hoe voelt u zich OP DIT MOMENT: NEERSLACHTIG OF SOMBER? || 0"
"acs-nmcb-6.csv",22,"O_49_message_break","message-break",29,"100 || 19860 || 0 || trailmaking || 8998 || demo-numbers-letters || 24042026 || 10:58.55 || 10:59.00 || demo-numbers-letters || 0 || 0 || 100 || 4777 || 0 || trailmaking || 8998 || numbers-letters || 24042026 || 10:59.10 || 10:59.37 || numbers-letters || 0 || 0 || 100 || 26370 || 0 || message || 8998"
"acs-nmcb-6.csv",22,"O_50_message","message",0,
"acs-nmcb-6.csv",22,"O_50_message_break","message-break",0,
"acs-nmcb-6.csv",22,"O_51_questionnaire5","questionnaire",10,"50 || 8 || Hoe voelt u zich OP DIT MOMENT: HELDER VAN GEEST? || 43 || 9 || Hoe voelt u zich OP DIT MOMENT: GEMOTIVEERD? || 95 || 10 || Hoe voelt u zich OP DIT MOMENT: NEERSLACHTIG OF SOMBER? || 0"
"acs-nmcb-6.csv",22,"O_52_questionnaire6","questionnaire",0,
"acs-nmcb-6.csv",22,"O_52_questionnaire_ntli2","questionnaire-ntli",0,
"acs-nmcb-6.csv",23,"O_49_message_break","message-break",29,"100 || 31145 || 0 || trailmaking || 6786 || demo-numbers-letters || 30042026 || 16:23.28 || 16:23.35 || demo-numbers-letters || 0 || 0 || 100 || 6408 || 0 || trailmaking || 6786 || numbers-letters || 30042026 || 16:23.38 || 16:24.31 || numbers-letters || 0 || 0 || 100 || 53143 || 0 || message || 6786"
"acs-nmcb-6.csv",23,"O_50_message","message",0,
"acs-nmcb-6.csv",23,"O_50_message_break","message-break",0,
"acs-nmcb-6.csv",23,"O_51_questionnaire5","questionnaire",10,"83 || 8 || Hoe voelt u zich OP DIT MOMENT: HELDER VAN GEEST? || 10 || 9 || Hoe voelt u zich OP DIT MOMENT: GEMOTIVEERD? || 48 || 10 || Hoe voelt u zich OP DIT MOMENT: NEERSLACHTIG OF SOMBER? || 79"
"acs-nmcb-6.csv",23,"O_52_questionnaire6","questionnaire",0,
"acs-nmcb-6.csv",23,"O_52_questionnaire_ntli2","questionnaire-ntli",0,
"acs-nmcb-6.csv",24,"O_49_message_break","message-break",29,"86.21 || 42319 || 0 || trailmaking || 7961 || demo-numbers-letters || 26042026 || 09:48.16 || 09:48.26 || demo-numbers-letters || 0 || 1 || 100 || 9977 || 0 || trailmaking || 7961 || numbers-letters || 26042026 || 09:48.31 || 09:49.17 || numbers-letters || 1 || 0 || 96.15 || 46337 || 0 || message || 7961"
"acs-nmcb-6.csv",24,"O_50_message","message",0,
"acs-nmcb-6.csv",24,"O_50_message_break","message-break",0,
"acs-nmcb-6.csv",24,"O_51_questionnaire5","questionnaire",10,"21 || 8 || Hoe voelt u zich OP DIT MOMENT: HELDER VAN GEEST? || 21 || 9 || Hoe voelt u zich OP DIT MOMENT: GEMOTIVEERD? || 64 || 10 || Hoe voelt u zich OP DIT MOMENT: NEERSLACHTIG OF SOMBER? || 21"
"acs-nmcb-6.csv",24,"O_52_questionnaire6","questionnaire",0,
"acs-nmcb-6.csv",24,"O_52_questionnaire_ntli2","questionnaire-ntli",0,
"acs-nmcb-6.csv",26,"O_49_message_break","message-break",29,"100 || 22510 || 0 || trailmaking || 8998 || demo-numbers-letters || 03052026 || 10:11.36 || 10:11.43 || demo-numbers-letters || 0 || 0 || 100 || 6507 || 0 || trailmaking || 8998 || numbers-letters || 03052026 || 10:11.46 || 10:12.32 || numbers-letters || 0 || 0 || 100 || 45972 || 0 || message || 8998"
"acs-nmcb-6.csv",26,"O_50_message","message",0,
"acs-nmcb-6.csv",26,"O_50_message_break","message-break",0,
"acs-nmcb-6.csv",26,"O_51_questionnaire5","questionnaire",10,"59 || 8 || Hoe voelt u zich OP DIT MOMENT: HELDER VAN GEEST? || 28 || 9 || Hoe voelt u zich OP DIT MOMENT: GEMOTIVEERD? || 50 || 10 || Hoe voelt u zich OP DIT MOMENT: NEERSLACHTIG OF SOMBER? || 59"
"acs-nmcb-6.csv",26,"O_52_questionnaire6","questionnaire",0,
"acs-nmcb-6.csv",26,"O_52_questionnaire_ntli2","questionnaire-ntli",0,
